auction_id,round,bidder,frn,region,market_number,market_name,assignment_category,assignment_category_name,winnings,clock_payment,option_assigned,assignment_round_bid,vickrey_price,core_adjustment,assignment_payment,gross_payment
107,43,AT&T Spectrum Frontiers LLC,0027840180,REAG 5,PEA372,"Colby, KS",ABC,Assignment,4,3189600,B5.C1.C2.C3,41200,0,0,0,3189600
107,43,Cellco Partnership,0003290673,REAG 5,PEA372,"Colby, KS",ABC,Assignment,9,7176600,A1.A2.A3.A4.A5.B1.B2.B3.B4,200082340,58870,0,58870,7235470
107,43,"Nex-Tech Wireless, L.L.C.",0012144150,REAG 5,PEA372,"Colby, KS",ABC,Assignment,1,797400,C4,0,0,0,0,797400
107,42,AT&T Spectrum Frontiers LLC,0027840180,REAG 5,PEA375;PEA404,"Deming, NM;Kanab, UT",ABC,Assignment,4,4117080,B5.C1.C2.C3,52570,0,0,0,4117080
107,42,Cellco Partnership,0003290673,REAG 5,PEA375;PEA404,"Deming, NM;Kanab, UT",ABC,Assignment,9,9263430,A1.A2.A3.A4.A5.B1.B2.B3.B4,200096700,76220,0,76220,9339650
107,42,"LICT Wireless Broadband Company, LLC",0025243858,REAG 5,PEA375;PEA404,"Deming, NM;Kanab, UT",ABC,Assignment,1,1029270,C4,0,0,0,0,1029270
107,41,AT&T Spectrum Frontiers LLC,0027840180,REAG 5,PEA317,"Beatrice, NE",ABC,Assignment,3,8292000,B4.B5.C1,2865800,0,0,0,8292000
107,41,Cellco Partnership,0003290673,REAG 5,PEA317,"Beatrice, NE",ABC,Assignment,8,22112000,A1.A2.A3.A4.A5.B1.B2.B3,200180110,0,0,0,22112000
107,41,United States Cellular Corporation,0004372322,REAG 5,PEA317,"Beatrice, NE",ABC,Assignment,3,8292000,C2.C3.C4,10000010,0,0,0,8292000
107,40,AT&T Spectrum Frontiers LLC,0027840180,REAG 2,PEA386,"Barnwell, SC",ABC,Assignment,4,1105264,B5.C1.C2.C3,38610,0,0,0,1105264
107,40,Cellco Partnership,0003290673,REAG 2,PEA386,"Barnwell, SC",ABC,Assignment,9,2486844,A1.A2.A3.A4.A5.B1.B2.B3.B4,50000000,55160,0,55160,2542004
107,40,"Horry Telephone Cooperative, Inc.",0001886944,REAG 2,PEA386,"Barnwell, SC",ABC,Assignment,1,276316,C4,0,0,0,0,276316
107,40,AT&T Spectrum Frontiers LLC,0027840180,REAG 5,PEA316,"Rock Springs, WY",ABC,Assignment,4,6247200,B4.B5.C1.C2,120770,0,0,0,6247200
107,40,Cellco Partnership,0003290673,REAG 5,PEA316,"Rock Springs, WY",ABC,Assignment,8,12494400,A1.A2.A3.A4.A5.B1.B2.B3,176216070,24150,0,24150,12518550
107,40,Union Telephone Company,0001630201,REAG 5,PEA316,"Rock Springs, WY",ABC,Assignment,2,3123600,C3.C4,0,0,0,0,3123600
107,39,AT&T Spectrum Frontiers LLC,0027840180,REAG 2,PEA304,"Mount Airy, NC",ABC,Assignment,4,14826800,B3.B4.B5.C1,303010,0,0,0,14826800
107,39,"Carolina West Wireless, Inc.",0001940022,REAG 2,PEA304,"Mount Airy, NC",ABC,Assignment,1,3706700,C2,0,0,0,0,3706700
107,39,Cellco Partnership,0003290673,REAG 2,PEA304,"Mount Airy, NC",ABC,Assignment,7,25946900,A1.A2.A3.A4.A5.B1.B2,100507520,40400,47134,87534,26034434
107,39,United States Cellular Corporation,0004372322,REAG 2,PEA304,"Mount Airy, NC",ABC,Assignment,2,7413400,C3.C4,4000010,0,13467,13467,7426867
107,39,AT&T Spectrum Frontiers LLC,0027840180,REAG 4,PEA392,"Maryville, MO",ABC,Assignment,4,3180400,B4.B5.C1.C2,101740,0,0,0,3180400
107,39,Cellco Partnership,0003290673,REAG 4,PEA392,"Maryville, MO",ABC,Assignment,8,6360800,A1.A2.A3.A4.A5.B1.B2.B3,50000000,20350,0,20350,6381150
107,39,"Grand River Communications, Inc.",0003737392,REAG 4,PEA392,"Maryville, MO",ABC,Assignment,2,1590200,C3.C4,0,0,0,0,1590200
107,39,AT&T Spectrum Frontiers LLC,0027840180,REAG 5,PEA285,"Gallup, NM",ABC,Assignment,4,7569360,B4.B5.C1.C2,262130,0,0,0,7569360
107,39,Cellco Partnership,0003290673,REAG 5,PEA285,"Gallup, NM",ABC,Assignment,8,15138720,A1.A2.A3.A4.A5.B1.B2.B3,77400450,49420,2400,51820,15190540
107,39,"Smith Bagley, Inc.",0002154706,REAG 5,PEA285,"Gallup, NM",ABC,Assignment,2,3784680,C3.C4,3000,0,600,600,3785280
107,38,AT&T Spectrum Frontiers LLC,0027840180,REAG 2,PEA186,"Rock Hill, SC",ABC,Assignment,4,11370940,B4.B5.C1.C2,379630,2340,0,2340,11373280
107,38,Cellco Partnership,0003290673,REAG 2,PEA186,"Rock Hill, SC",ABC,Assignment,8,22741880,A1.A2.A3.A4.A5.B1.B2.B3,50000000,75930,0,75930,22817810
107,38,"Widespread Wireless, LLC",0029994001,REAG 2,PEA186,"Rock Hill, SC",ABC,Assignment,2,5685470,C3.C4,0,0,0,0,5685470
107,38,AT&T Spectrum Frontiers LLC,0027840180,REAG 4,PEA244,"Manhattan, KS",ABC,Assignment,4,15328360,B4.B5.C1.C2,326660,0,0,0,15328360
107,38,Cellco Partnership,0003290673,REAG 4,PEA244,"Manhattan, KS",ABC,Assignment,8,30656720,A1.A2.A3.A4.A5.B1.B2.B3,113637880,0,52264,52264,30708984
107,38,"Nex-Tech Wireless, L.L.C.",0012144150,REAG 4,PEA244,"Manhattan, KS",ABC,Assignment,1,3832090,C3,100000,0,6533,6533,3838623
107,38,United States Cellular Corporation,0004372322,REAG 4,PEA244,"Manhattan, KS",ABC,Assignment,1,3832090,C4,5000010,0,6533,6533,3838623
107,38,AT&T Spectrum Frontiers LLC,0027840180,REAG 5,PEA257,"Cheyenne, WY",ABC,Assignment,4,10040080,B5.C1.C2.C3,115010,0,0,0,10040080
107,38,Cellco Partnership,0003290673,REAG 5,PEA257,"Cheyenne, WY",ABC,Assignment,9,22590180,A1.A2.A3.A4.A5.B1.B2.B3.B4,51926410,174290,0,174290,22764470
107,38,Little Bear Wireless L.L.C.,0029996568,REAG 5,PEA257,"Cheyenne, WY",ABC,Assignment,1,2510020,C4,0,0,0,0,2510020
107,37,AT&T Spectrum Frontiers LLC,0027840180,REAG 2,PEA154,"Myrtle Beach, SC",ABC,Assignment,4,14724040,B4.B5.C1.C2,385100,0,0,0,14724040
107,37,Cellco Partnership,0003290673,REAG 2,PEA154,"Myrtle Beach, SC",ABC,Assignment,8,29448080,A1.A2.A3.A4.A5.B1.B2.B3,72185000,77010,0,77010,29525090
107,37,"Horry Telephone Cooperative, Inc.",0001886944,REAG 2,PEA154,"Myrtle Beach, SC",ABC,Assignment,2,7362020,C3.C4,0,0,0,0,7362020
107,37,AT&T Spectrum Frontiers LLC,0027840180,REAG 4,PEA175,"Southaven, MS",ABC,Assignment,4,13410800,B4.B5.C1.C2,402840,0,0,0,13410800
107,37,Cellco Partnership,0003290673,REAG 4,PEA175,"Southaven, MS",ABC,Assignment,8,26821600,A1.A2.A3.A4.A5.B1.B2.B3,58785820,0,64448,64448,26886048
107,37,T-Mobile License LLC,0001565449,REAG 4,PEA175,"Southaven, MS",ABC,Assignment,2,6705400,C3.C4,100580,0,16112,16112,6721512
107,37,AT&T Spectrum Frontiers LLC,0027840180,REAG 5,PEA312;PEA328,"Farmington, NM;Winslow, AZ",ABC,Assignment,4,11400920,B5.C1.C2.C3,101100,0,0,0,11400920
107,37,Cellco Partnership,0003290673,REAG 5,PEA312;PEA328,"Farmington, NM;Winslow, AZ",ABC,Assignment,9,25652070,A1.A2.A3.A4.A5.B1.B2.B3.B4,69821260,145430,0,145430,25797500
107,37,"Smith Bagley, Inc.",0002154706,REAG 5,PEA312;PEA328,"Farmington, NM;Winslow, AZ",ABC,Assignment,1,2850230,C4,0,0,0,0,2850230
107,36,AT&T Spectrum Frontiers LLC,0027840180,REAG 2,PEA240;PEA291,"Charlottesville, VA;Rockingham, NC",ABC,Assignment,4,11451880,B5.C1.C2.C3,233920,0,0,0,11451880
107,36,Cellco Partnership,0003290673,REAG 2,PEA240;PEA291,"Charlottesville, VA;Rockingham, NC",ABC,Assignment,9,25766730,A1.A2.A3.A4.A5.B1.B2.B3.B4,55586950,0,300753,300753,26067483
107,36,United States Cellular Corporation,0004372322,REAG 2,PEA240;PEA291,"Charlottesville, VA;Rockingham, NC",ABC,Assignment,1,2862970,C4,750010,0,33417,33417,2896387
107,36,AT&T Spectrum Frontiers LLC,0027840180,REAG 3,PEA406,"Anamosa, IA",ABC,Assignment,3,2216370,B3.B4.B5,514200,0,0,0,2216370
107,36,Cellco Partnership,0003290673,REAG 3,PEA406,"Anamosa, IA",ABC,Assignment,7,5171530,A1.A2.A3.A4.A5.B1.B2,50000000,5110,0,5110,5176640
107,36,"LICT Wireless Broadband Company, LLC",0025243858,REAG 3,PEA406,"Anamosa, IA",ABC,Assignment,1,738790,C1,0,0,0,0,738790
107,36,United States Cellular Corporation,0004372322,REAG 3,PEA406,"Anamosa, IA",ABC,Assignment,3,2216370,C2.C3.C4,5000010,0,0,0,2216370
107,36,AT&T Spectrum Frontiers LLC,0027840180,REAG 4,PEA112,"Bowling Green, KY",ABC,Assignment,4,15449816,B4.B5.C1.C2,728920,3230,0,3230,15453046
107,36,Cellco Partnership,0003290673,REAG 4,PEA112,"Bowling Green, KY",ABC,Assignment,8,30899632,A1.A2.A3.A4.A5.B1.B2.B3,50000000,145790,0,145790,31045422
107,36,"Widespread Wireless, LLC",0029994001,REAG 4,PEA112,"Bowling Green, KY",ABC,Assignment,2,7724908,C3.C4,0,0,0,0,7724908
107,36,AT&T Spectrum Frontiers LLC,0027840180,REAG 5,PEA302;PEA305,"Enid, OK;Altus, OK",ABC,Assignment,4,47304000,B4.B5.C1.C2,820530,0,0,0,47304000
107,36,Cellco Partnership,0003290673,REAG 5,PEA302;PEA305,"Enid, OK;Altus, OK",ABC,Assignment,8,94608000,A1.A2.A3.A4.A5.B1.B2.B3,105847060,164100,0,164100,94772100
107,36,"Pioneer Telephone Cooperative, Inc.",0001700863,REAG 5,PEA302;PEA305,"Enid, OK;Altus, OK",ABC,Assignment,2,23652000,C3.C4,0,0,0,0,23652000
107,35,AT&T Spectrum Frontiers LLC,0027840180,REAG 2,PEA105,"Augusta, GA",ABC,Assignment,4,13344000,C1.C2.C3.C4,41010,0,0,0,13344000
107,35,Cellco Partnership,0003290673,REAG 2,PEA105,"Augusta, GA",ABC,Assignment,10,33360000,A1.A2.A3.A4.A5.B1.B2.B3.B4.B5,57219230,0,0,0,33360000
107,35,AT&T Spectrum Frontiers LLC,0027840180,REAG 3,PEA254,"Merrill, WI",ABC,Assignment,4,5672000,B4.B5.C1.C2,238300,0,0,0,5672000
107,35,Cellco Partnership,0003290673,REAG 3,PEA254,"Merrill, WI",ABC,Assignment,8,11344000,A1.A2.A3.A4.A5.B1.B2.B3,50000000,47410,200,47610,11391610
107,35,"Nsight Spectrum, LLC",0020519138,REAG 3,PEA254,"Merrill, WI",ABC,Assignment,2,2836000,C3.C4,250,0,50,50,2836050
107,35,AT&T Spectrum Frontiers LLC,0027840180,REAG 4,PEA096,"Richmond, KY",ABC,Assignment,4,34703012,B5.C1.C2.C3,399080,0,0,0,34703012
107,35,Cellco Partnership,0003290673,REAG 4,PEA096,"Richmond, KY",ABC,Assignment,9,78081777,A1.A2.A3.A4.A5.B1.B2.B3.B4,57497010,570110,0,570110,78651887
107,35,"East Kentucky Network, LLC",0001786607,REAG 4,PEA096,"Richmond, KY",ABC,Assignment,1,8675753,C4,0,0,0,0,8675753
107,35,AT&T Spectrum Frontiers LLC,0027840180,REAG 5,PEA251;PEA277;PEA368,"Salina, KS;Hutchinson, KS;Concordia, KS",ABC,Assignment,4,30112080,B4.B5.C1.C2,545690,0,0,0,30112080
107,35,Cellco Partnership,0003290673,REAG 5,PEA251;PEA277;PEA368,"Salina, KS;Hutchinson, KS;Concordia, KS",ABC,Assignment,8,60224160,A1.A2.A3.A4.A5.B1.B2.B3,77098590,72760,32338,105098,60329258
107,35,"Nex-Tech Wireless, L.L.C.",0012144150,REAG 5,PEA251;PEA277;PEA368,"Salina, KS;Hutchinson, KS;Concordia, KS",ABC,Assignment,1,7528020,C3,0,0,0,0,7528020
107,35,United States Cellular Corporation,0004372322,REAG 5,PEA251;PEA277;PEA368,"Salina, KS;Hutchinson, KS;Concordia, KS",ABC,Assignment,1,7528020,C4,5000010,0,4043,4043,7532063
107,34,AT&T Spectrum Frontiers LLC,0027840180,REAG 2,PEA215;PEA233;PEA266,"Hickory, NC;Shelby, NC;Lenoir, NC",ABC,Assignment,4,29717560,B4.B5.C1.C2,740010,0,0,0,29717560
107,34,"Carolina West Wireless, Inc.",0001940022,REAG 2,PEA215;PEA233;PEA266,"Hickory, NC;Shelby, NC;Lenoir, NC",ABC,Assignment,2,14858780,C3.C4,0,0,0,0,14858780
107,34,Cellco Partnership,0003290673,REAG 2,PEA215;PEA233;PEA266,"Hickory, NC;Shelby, NC;Lenoir, NC",ABC,Assignment,8,59435120,A1.A2.A3.A4.A5.B1.B2.B3,62962430,148000,0,148000,59583120
107,34,AT&T Spectrum Frontiers LLC,0027840180,REAG 3,PEA253,"Baraboo, WI",ABC,Assignment,3,11010000,B4.B5.C1,3785400,0,0,0,11010000
107,34,Cellco Partnership,0003290673,REAG 3,PEA253,"Baraboo, WI",ABC,Assignment,8,29360000,A1.A2.A3.A4.A5.B1.B2.B3,50000000,0,0,0,29360000
107,34,United States Cellular Corporation,0004372322,REAG 3,PEA253,"Baraboo, WI",ABC,Assignment,3,11010000,C2.C3.C4,3000010,0,0,0,11010000
107,34,AT&T Spectrum Frontiers LLC,0027840180,REAG 4,PEA149;PEA255,"Biloxi, MS;Greenville, MS",ABC,Assignment,4,24267680,B4.B5.C1.C2,749120,0,0,0,24267680
107,34,Cellco Partnership,0003290673,REAG 4,PEA149;PEA255,"Biloxi, MS;Greenville, MS",ABC,Assignment,8,48535360,A1.A2.A3.A4.A5.B1.B2.B3,52284940,149820,0,149820,48685180
107,34,"Cellular South Licenses, LLC",0020434767,REAG 4,PEA149;PEA255,"Biloxi, MS;Greenville, MS",ABC,Assignment,2,12133840,C3.C4,0,0,0,0,12133840
107,34,AT&T Spectrum Frontiers LLC,0027840180,REAG 5,PEA181;PEA306;PEA389;PEA410,"Texarkana, TX;Wichita Falls, TX;McCook, NE;Valentine, NE",ABC,Assignment,4,26233200,B4.B5.C1.C2,576960,0,0,0,26233200
107,34,Cellco Partnership,0003290673,REAG 5,PEA181;PEA306;PEA389;PEA410,"Texarkana, TX;Wichita Falls, TX;McCook, NE;Valentine, NE",ABC,Assignment,8,52466400,A1.A2.A3.A4.A5.B1.B2.B3,62728030,0,92312,92312,52558712
107,34,United States Cellular Corporation,0004372322,REAG 5,PEA181;PEA306;PEA389;PEA410,"Texarkana, TX;Wichita Falls, TX;McCook, NE;Valentine, NE",ABC,Assignment,2,13116600,C3.C4,3000010,0,23078,23078,13139678
107,33,AT&T Spectrum Frontiers LLC,0027840180,REAG 2,PEA072,"Tallahassee, FL",ABC,Assignment,4,24264000,B5.C1.C2.C3,302320,35920,0,35920,24299920
107,33,"Canopy Spectrum, LLC",0029963048,REAG 2,PEA072,"Tallahassee, FL",ABC,Assignment,1,6066000,C4,40,0,0,0,6066000
107,33,Cellco Partnership,0003290673,REAG 2,PEA072,"Tallahassee, FL",ABC,Assignment,9,54594000,A1.A2.A3.A4.A5.B1.B2.B3.B4,99533760,431940,0,431940,55025940
107,33,AT&T Spectrum Frontiers LLC,0027840180,REAG 3,PEA185,"Marquette, MI",ABC,Assignment,4,10352292,B4.B5.C1.C2,292110,0,0,0,10352292
107,33,Cellco Partnership,0003290673,REAG 3,PEA185,"Marquette, MI",ABC,Assignment,8,20704584,A1.A2.A3.A4.A5.B1.B2.B3,50000000,38940,17316,56256,20760840
107,33,"Nsight Spectrum, LLC",0020519138,REAG 3,PEA185,"Marquette, MI",ABC,Assignment,1,2588073,C3,0,0,0,0,2588073
107,33,United States Cellular Corporation,0004372322,REAG 3,PEA185,"Marquette, MI",ABC,Assignment,1,2588073,C4,625010,0,2165,2165,2590238
107,33,AT&T Spectrum Frontiers LLC,0027840180,REAG 4,PEA150;PEA183,"Rolla, MO;Columbia, MO",ABC,Assignment,4,23932316,B4.B5.C1.C2,602160,0,0,0,23932316
107,33,Cellco Partnership,0003290673,REAG 4,PEA150;PEA183,"Rolla, MO;Columbia, MO",ABC,Assignment,8,47864632,A1.A2.A3.A4.A5.B1.B2.B3,50000000,0,96352,96352,47960984
107,33,United States Cellular Corporation,0004372322,REAG 4,PEA150;PEA183,"Rolla, MO;Columbia, MO",ABC,Assignment,2,11966158,C3.C4,5000010,0,24088,24088,11990246
107,33,AT&T Spectrum Frontiers LLC,0027840180,REAG 5,PEA102,"Grand Junction, CO",ABC,Assignment,4,13738604,B4.B5.C1.C2,402910,17960,0,17960,13756564
107,33,"Canopy Spectrum, LLC",0029963048,REAG 5,PEA102,"Grand Junction, CO",ABC,Assignment,2,6869302,C3.C4,20,0,0,0,6869302
107,33,Cellco Partnership,0003290673,REAG 5,PEA102,"Grand Junction, CO",ABC,Assignment,8,27477208,A1.A2.A3.A4.A5.B1.B2.B3,50000000,80600,0,80600,27557808
107,32,AT&T Spectrum Frontiers LLC,0027840180,REAG 2,PEA147;PEA151,"Salisbury, MD;Winston-Salem, NC",ABC,Assignment,4,25085440,B4.B5.C1.C2,619860,0,0,0,25085440
107,32,Cellco Partnership,0003290673,REAG 2,PEA147;PEA151,"Salisbury, MD;Winston-Salem, NC",ABC,Assignment,8,50170880,A1.A2.A3.A4.A5.B1.B2.B3,51897840,0,99176,99176,50270056
107,32,T-Mobile License LLC,0001565449,REAG 2,PEA147;PEA151,"Salisbury, MD;Winston-Salem, NC",ABC,Assignment,2,12542720,C3.C4,188140,0,24794,24794,12567514
107,32,AT&T Spectrum Frontiers LLC,0027840180,REAG 3,PEA118,"Richmond, IN",ABC,Assignment,4,12208132,B4.B5.C1.C2,416310,2400,0,2400,12210532
107,32,Cellco Partnership,0003290673,REAG 3,PEA118,"Richmond, IN",ABC,Assignment,8,24416264,A1.A2.A3.A4.A5.B1.B2.B3,50000000,83270,0,83270,24499534
107,32,"Widespread Wireless, LLC",0029994001,REAG 3,PEA118,"Richmond, IN",ABC,Assignment,2,6104066,C3.C4,0,0,0,0,6104066
107,32,AT&T Spectrum Frontiers LLC,0027840180,REAG 4,PEA082,"Baton Rouge, LA",ABC,Assignment,4,25636000,B5.C1.C2.C3,334570,35920,0,35920,25671920
107,32,"Canopy Spectrum, LLC",0029963048,REAG 4,PEA082,"Baton Rouge, LA",ABC,Assignment,1,6409000,C4,40,0,0,0,6409000
107,32,Cellco Partnership,0003290673,REAG 4,PEA082,"Baton Rouge, LA",ABC,Assignment,9,57681000,A1.A2.A3.A4.A5.B1.B2.B3.B4,52624470,477990,0,477990,58158990
107,32,AT&T Spectrum Frontiers LLC,0027840180,REAG 5,PEA132;PEA220,"Corpus Christi, TX;Odessa, TX",ABC,Assignment,4,26979720,B4.B5.C1.C2,652510,0,0,0,26979720
107,32,Cellco Partnership,0003290673,REAG 5,PEA132;PEA220,"Corpus Christi, TX;Odessa, TX",ABC,Assignment,8,53959440,A1.A2.A3.A4.A5.B1.B2.B3,65749820,0,104408,104408,54063848
107,32,T-Mobile License LLC,0001565449,REAG 5,PEA132;PEA220,"Corpus Christi, TX;Odessa, TX",ABC,Assignment,2,13489860,C3.C4,202350,0,26102,26102,13515962
107,31,AT&T Spectrum Frontiers LLC,0027840180,REAG 2,PEA057,"Richmond, VA",ABC,Assignment,4,35552000,B4.B5.C1.C2,1208130,17960,0,17960,35569960
107,31,"Canopy Spectrum, LLC",0029963048,REAG 2,PEA057,"Richmond, VA",ABC,Assignment,2,17776000,C3.C4,20,0,0,0,17776000
107,31,Cellco Partnership,0003290673,REAG 2,PEA057,"Richmond, VA",ABC,Assignment,8,71104000,A1.A2.A3.A4.A5.B1.B2.B3,50841750,241640,0,241640,71345640
107,31,AT&T Spectrum Frontiers LLC,0027840180,REAG 3,PEA203;PEA260,"Traverse City, MI;Alpena, MI",ABC,Assignment,4,19661840,B5.C1.C2.C3,269280,0,0,0,19661840
107,31,"Agri-Valley Communications, Inc.",0003778362,REAG 3,PEA203;PEA260,"Traverse City, MI;Alpena, MI",ABC,Assignment,1,4915460,C4,0,0,0,0,4915460
107,31,Cellco Partnership,0003290673,REAG 3,PEA203;PEA260,"Traverse City, MI;Alpena, MI",ABC,Assignment,9,44239140,A1.A2.A3.A4.A5.B1.B2.B3.B4,50000000,384680,0,384680,44623820
107,31,AT&T Spectrum Frontiers LLC,0027840180,REAG 4,PEA071,"Knoxville, TN",ABC,Assignment,4,86584856,B3.B4.B5.C1,1789140,0,0,0,86584856
107,31,Cellco Partnership,0003290673,REAG 4,PEA071,"Knoxville, TN",ABC,Assignment,7,151523498,A1.A2.A3.A4.A5.B1.B2,74979870,0,221011,221011,151744509
107,31,United States Cellular Corporation,0004372322,REAG 4,PEA071,"Knoxville, TN",ABC,Assignment,3,64938642,C2.C3.C4,13000010,0,94719,94719,65033361
107,31,AT&T Spectrum Frontiers LLC,0027840180,REAG 5,PEA080,"Omaha, NE",ABC,Assignment,4,28659520,B4.B5.C1.C2,928240,0,0,0,28659520
107,31,Cellco Partnership,0003290673,REAG 5,PEA080,"Omaha, NE",ABC,Assignment,8,57319040,A1.A2.A3.A4.A5.B1.B2.B3,50000000,0,148520,148520,57467560
107,31,United States Cellular Corporation,0004372322,REAG 5,PEA080,"Omaha, NE",ABC,Assignment,2,14329760,C3.C4,3000010,0,37130,37130,14366890
107,31,AT&T Spectrum Frontiers LLC,0027840180,REAG 6,PEA405,"Jackson, WY",ABC,Assignment,4,682040,B5.C1.C2.C3,8750,0,2693,2693,684733
107,31,Cellco Partnership,0003290673,REAG 6,PEA405,"Jackson, WY",ABC,Assignment,9,1534590,A1.A2.A3.A4.A5.B1.B2.B3.B4,50000000,26250,6058,32308,1566898
107,31,Granite Wireless LLC,0030007280,REAG 6,PEA405,"Jackson, WY",ABC,Assignment,1,170510,C4,0,0,0,0,170510
107,30,AT&T Spectrum Frontiers LLC,0027840180,REAG 2,PEA088;PEA103,"Frederick, MD;Winchester, VA",ABC,Assignment,4,62490440,B4.B5.C1.C2,2473030,0,0,0,62490440
107,30,Cellco Partnership,0003290673,REAG 2,PEA088;PEA103,"Frederick, MD;Winchester, VA",ABC,Assignment,8,124980880,A1.A2.A3.A4.A5.B1.B2.B3,50000000,0,395688,395688,125376568
107,30,United States Cellular Corporation,0004372322,REAG 2,PEA088;PEA103,"Frederick, MD;Winchester, VA",ABC,Assignment,2,31245220,C3.C4,6000010,0,98922,98922,31344142
107,30,AT&T Spectrum Frontiers LLC,0027840180,REAG 3,PEA038,"Milwaukee, WI",A,Interim Assignment,2,139628000,A4.A5,930580,0,0,0,139628000
107,30,AT&T Spectrum Frontiers LLC,0027840180,REAG 3,PEA038,"Milwaukee, WI",A+BC,Final Assignment,4,264060100,B3.B4.B5.C1,6500000,0,0,0,264060100
107,30,Cellco Partnership,0003290673,REAG 3,PEA038,"Milwaukee, WI",A,Interim Assignment,3,209442000,A1.A2.A3,20000000,0,0,0,209442000
107,30,Cellco Partnership,0003290673,REAG 3,PEA038,"Milwaukee, WI",A+BC,Final Assignment,7,458306200,A1.A2.A3.A4.A5.B1.B2,113741050,0,0,0,458306200
107,30,United States Cellular Corporation,0004372322,REAG 3,PEA038,"Milwaukee, WI",A+BC,Final Assignment,3,186648150,C2.C3.C4,40000010,0,0,0,186648150
107,30,AT&T Spectrum Frontiers LLC,0027840180,REAG 4,PEA174;PEA178;PEA299,"Springfield, MO;Sedalia, MO;Kirksville, MO",ABC,Assignment,4,16022708,B5.C1.C2.C3,685020,0,0,0,16022708
107,30,Cellco Partnership,0003290673,REAG 4,PEA174;PEA178;PEA299,"Springfield, MO;Sedalia, MO;Kirksville, MO",ABC,Assignment,9,36051093,A1.A2.A3.A4.A5.B1.B2.B3.B4,50000000,0,880749,880749,36931842
107,30,United States Cellular Corporation,0004372322,REAG 4,PEA174;PEA178;PEA299,"Springfield, MO;Sedalia, MO;Kirksville, MO",ABC,Assignment,1,4005677,C4,1000010,0,97861,97861,4103538
107,30,AT&T Spectrum Frontiers LLC,0027840180,REAG 5,PEA063,"Tulsa, OK",ABC,Assignment,4,100141472,B3.B4.B5.C1,2909060,0,0,0,100141472
107,30,Cellco Partnership,0003290673,REAG 5,PEA063,"Tulsa, OK",ABC,Assignment,7,175247576,A1.A2.A3.A4.A5.B1.B2,50000000,0,678776,678776,175926352
107,30,United States Cellular Corporation,0004372322,REAG 5,PEA063,"Tulsa, OK",ABC,Assignment,3,75106104,C2.C3.C4,15000010,0,290904,290904,75397008
107,30,AT&T Spectrum Frontiers LLC,0027840180,REAG 6,PEA229;PEA361,"Saint George, UT;Richfield, UT",ABC,Assignment,4,9997700,B5.C1.C2.C3,140000,0,0,0,9997700
107,30,Cellco Partnership,0003290673,REAG 6,PEA229;PEA361,"Saint George, UT;Richfield, UT",ABC,Assignment,9,22494825,A1.A2.A3.A4.A5.B1.B2.B3.B4,50000000,250110,0,250110,22744935
107,30,"LICT Wireless Broadband Company, LLC",0025243858,REAG 6,PEA229;PEA361,"Saint George, UT;Richfield, UT",ABC,Assignment,1,2499425,C4,0,0,0,0,2499425
107,29,AT&T Spectrum Frontiers LLC,0027840180,REAG 1,PEA188,"Jamestown, NY",ABC,Assignment,4,2972000,B4.B5.C1.C2,426600,17960,0,17960,2989960
107,29,"Canopy Spectrum, LLC",0029963048,REAG 1,PEA188,"Jamestown, NY",ABC,Assignment,2,1486000,C3.C4,20,0,0,0,1486000
107,29,Cellco Partnership,0003290673,REAG 1,PEA188,"Jamestown, NY",ABC,Assignment,8,5944000,A1.A2.A3.A4.A5.B1.B2.B3,50000000,85330,0,85330,6029330
107,29,AT&T Spectrum Frontiers LLC,0027840180,REAG 2,PEA128;PEA159;PEA191;PEA332;PEA346,"Macon, GA;Valdosta, GA;Petersburg, VA;Bennettsville, SC;Franklin, NC",ABC,Assignment,4,23864700,B4.B5.C1.C2,1050460,89800,0,89800,23954500
107,29,"Canopy Spectrum, LLC",0029963048,REAG 2,PEA128;PEA159;PEA191;PEA332;PEA346,"Macon, GA;Valdosta, GA;Petersburg, VA;Bennettsville, SC;Franklin, NC",ABC,Assignment,2,11932350,C3.C4,100,0,0,0,11932350
107,29,Cellco Partnership,0003290673,REAG 2,PEA128;PEA159;PEA191;PEA332;PEA346,"Macon, GA;Valdosta, GA;Petersburg, VA;Bennettsville, SC;Franklin, NC",ABC,Assignment,8,47729400,A1.A2.A3.A4.A5.B1.B2.B3,50000000,210190,0,210190,47939590
107,29,AT&T Spectrum Frontiers LLC,0027840180,REAG 3,PEA108;PEA114;PEA116,"Des Moines, IA;Morgantown, WV;Rockford, IL",ABC,Assignment,4,121185900,B3.B4.B5.C1,2249100,0,0,0,121185900
107,29,Cellco Partnership,0003290673,REAG 3,PEA108;PEA114;PEA116,"Des Moines, IA;Morgantown, WV;Rockford, IL",ABC,Assignment,7,212075325,A1.A2.A3.A4.A5.B1.B2,99429790,0,524790,524790,212600115
107,29,United States Cellular Corporation,0004372322,REAG 3,PEA108;PEA114;PEA116,"Des Moines, IA;Morgantown, WV;Rockford, IL",ABC,Assignment,3,90889425,C2.C3.C4,20000010,0,224910,224910,91114335
107,29,AT&T Spectrum Frontiers LLC,0027840180,REAG 4,PEA216;PEA222;PEA245;PEA367;PEA393,"Joplin, MO;Morristown, TN;West Plains, MO;Moberly, MO;Macon, MO",ABC,Assignment,4,33906204,B3.B4.B5.C1,921850,0,0,0,33906204
107,29,Cellco Partnership,0003290673,REAG 4,PEA216;PEA222;PEA245;PEA367;PEA393,"Joplin, MO;Morristown, TN;West Plains, MO;Moberly, MO;Macon, MO",ABC,Assignment,7,59335857,A1.A2.A3.A4.A5.B1.B2,50000000,0,215096,215096,59550953
107,29,United States Cellular Corporation,0004372322,REAG 4,PEA216;PEA222;PEA245;PEA367;PEA393,"Joplin, MO;Morristown, TN;West Plains, MO;Moberly, MO;Macon, MO",ABC,Assignment,3,25429653,C2.C3.C4,6000010,0,92184,92184,25521837
107,29,AT&T Spectrum Frontiers LLC,0027840180,REAG 5,PEA053,"Tucson, AZ",ABC,Assignment,4,37948000,C1.C2.C3.C4,96110,0,0,0,37948000
107,29,Cellco Partnership,0003290673,REAG 5,PEA053,"Tucson, AZ",ABC,Assignment,10,94870000,A1.A2.A3.A4.A5.B1.B2.B3.B4.B5,50000000,0,0,0,94870000
107,29,AT&T Spectrum Frontiers LLC,0027840180,REAG 6,PEA206;PEA391,"Wenatchee, WA;Ontario, OR",ABC,Assignment,4,11533052,B5.C1.C2.C3,210280,0,0,0,11533052
107,29,Cellco Partnership,0003290673,REAG 6,PEA206;PEA391,"Wenatchee, WA;Ontario, OR",ABC,Assignment,9,25949367,A1.A2.A3.A4.A5.B1.B2.B3.B4,50000000,0,243315,243315,26192682
107,29,United States Cellular Corporation,0004372322,REAG 6,PEA206;PEA391,"Wenatchee, WA;Ontario, OR",ABC,Assignment,1,2883263,C4,700010,0,27035,27035,2910298
107,28,AT&T Spectrum Frontiers LLC,0027840180,REAG 1,PEA143,"Keene, NH",ABC,Assignment,4,20537004,B3.B4.B5.C1,570590,0,0,0,20537004
107,28,Cellco Partnership,0003290673,REAG 1,PEA143,"Keene, NH",ABC,Assignment,7,35939757,A1.A2.A3.A4.A5.B1.B2,50000000,0,133140,133140,36072897
107,28,United States Cellular Corporation,0004372322,REAG 1,PEA143,"Keene, NH",ABC,Assignment,3,15402753,C2.C3.C4,5000010,0,57060,57060,15459813
107,28,AT&T Spectrum Frontiers LLC,0027840180,REAG 2,PEA074;PEA089,"Chattanooga, TN;Columbia, SC",ABC,Assignment,4,48609828,B4.B5.C1.C2,1548640,10060,0,10060,48619888
107,28,Cellco Partnership,0003290673,REAG 2,PEA074;PEA089,"Chattanooga, TN;Columbia, SC",ABC,Assignment,8,97219656,A1.A2.A3.A4.A5.B1.B2.B3,55238560,309720,0,309720,97529376
107,28,"Widespread Wireless, LLC",0029994001,REAG 2,PEA074;PEA089,"Chattanooga, TN;Columbia, SC",ABC,Assignment,2,24304914,C3.C4,0,0,0,0,24304914
107,28,AT&T Spectrum Frontiers LLC,0027840180,REAG 3,PEA061;PEA066,"Toledo, OH;Lansing, MI",ABC,Assignment,4,81057160,B4.B5.C1.C2,1961160,0,0,0,81057160
107,28,Cellco Partnership,0003290673,REAG 3,PEA061;PEA066,"Toledo, OH;Lansing, MI",ABC,Assignment,8,162114320,A1.A2.A3.A4.A5.B1.B2.B3,56034760,0,313784,313784,162428104
107,28,T-Mobile License LLC,0001565449,REAG 3,PEA061;PEA066,"Toledo, OH;Lansing, MI",ABC,Assignment,2,40528580,C3.C4,607930,0,78446,78446,40607026
107,28,AT&T Spectrum Frontiers LLC,0027840180,REAG 4,PEA046,"Little Rock, AR",A,Interim Assignment,2,58100400,A4.A5,411080,0,0,0,58100400
107,28,AT&T Spectrum Frontiers LLC,0027840180,REAG 4,PEA046,"Little Rock, AR",A+BC,Final Assignment,4,92984400,B5.C1.C2.C3,939380,5450,0,5450,92989850
107,28,Cellco Partnership,0003290673,REAG 4,PEA046,"Little Rock, AR",A,Interim Assignment,3,87150600,A1.A2.A3,20000000,0,0,0,87150600
107,28,Cellco Partnership,0003290673,REAG 4,PEA046,"Little Rock, AR",A+BC,Final Assignment,9,191802600,A1.A2.A3.A4.A5.B1.B2.B3.B4,50000000,1331080,9810,1340890,193143490
107,28,T-Mobile License LLC,0001565449,REAG 4,PEA046,"Little Rock, AR",A+BC,Final Assignment,1,17442000,C4,10900,0,1090,1090,17443090
107,28,AT&T Spectrum Frontiers LLC,0027840180,REAG 5,PEA091;PEA104,"Colorado Springs, CO;Fort Collins, CO",ABC,Assignment,4,41574620,B4.B5.C1.C2,1279580,8680,0,8680,41583300
107,28,Cellco Partnership,0003290673,REAG 5,PEA091;PEA104,"Colorado Springs, CO;Fort Collins, CO",ABC,Assignment,8,83149240,A1.A2.A3.A4.A5.B1.B2.B3,50000000,255920,0,255920,83405160
107,28,"Widespread Wireless, LLC",0029994001,REAG 5,PEA091;PEA104,"Colorado Springs, CO;Fort Collins, CO",ABC,Assignment,2,20787310,C3.C4,0,0,0,0,20787310
107,28,AT&T Spectrum Frontiers LLC,0027840180,REAG 6,PEA142;PEA366;PEA373,"Merced, CA;Pullman, WA;Walla Walla, WA",ABC,Assignment,4,10613740,B4.B5.C1.C2,539080,53880,0,53880,10667620
107,28,"Canopy Spectrum, LLC",0029963048,REAG 6,PEA142;PEA366;PEA373,"Merced, CA;Pullman, WA;Walla Walla, WA",ABC,Assignment,2,5306870,C3.C4,60,0,0,0,5306870
107,28,Cellco Partnership,0003290673,REAG 6,PEA142;PEA366;PEA373,"Merced, CA;Pullman, WA;Walla Walla, WA",ABC,Assignment,8,21227480,A1.A2.A3.A4.A5.B1.B2.B3,50000000,107870,0,107870,21335350
107,27,AT&T Spectrum Frontiers LLC,0027840180,REAG 1,PEA060,"Manchester, NH",ABC,Assignment,4,30696000,C1.C2.C3.C4,86010,0,0,0,30696000
107,27,Cellco Partnership,0003290673,REAG 1,PEA060,"Manchester, NH",ABC,Assignment,10,76740000,A1.A2.A3.A4.A5.B1.B2.B3.B4.B5,50000000,0,0,0,76740000
107,27,AT&T Spectrum Frontiers LLC,0027840180,REAG 2,PEA169;PEA173;PEA228;PEA256;PEA309;PEA349;PEA371,"Goldsboro, NC;Blacksburg, VA;Roanoke, VA;Lynchburg, VA;Elizabeth City, NC;Marion, NC;Wytheville, VA",ABC,Assignment,4,65338044,B3.B4.B5.C1,1530270,0,0,0,65338044
107,27,Cellco Partnership,0003290673,REAG 2,PEA169;PEA173;PEA228;PEA256;PEA309;PEA349;PEA371,"Goldsboro, NC;Blacksburg, VA;Roanoke, VA;Lynchburg, VA;Elizabeth City, NC;Marion, NC;Wytheville, VA",ABC,Assignment,7,114341577,A1.A2.A3.A4.A5.B1.B2,50000000,0,357063,357063,114698640
107,27,United States Cellular Corporation,0004372322,REAG 2,PEA169;PEA173;PEA228;PEA256;PEA309;PEA349;PEA371,"Goldsboro, NC;Blacksburg, VA;Roanoke, VA;Lynchburg, VA;Elizabeth City, NC;Marion, NC;Wytheville, VA",ABC,Assignment,3,49003533,C2.C3.C4,10000010,0,153027,153027,49156560
107,27,AT&T Spectrum Frontiers LLC,0027840180,REAG 3,PEA058;PEA083;PEA113,"Bloomington, IN;Fort Wayne, IN;Erie, PA",ABC,Assignment,4,60636000,B4.B5.C1.C2,2309170,53880,0,53880,60689880
107,27,"Canopy Spectrum, LLC",0029963048,REAG 3,PEA058;PEA083;PEA113,"Bloomington, IN;Fort Wayne, IN;Erie, PA",ABC,Assignment,2,30318000,C3.C4,60,0,0,0,30318000
107,27,Cellco Partnership,0003290673,REAG 3,PEA058;PEA083;PEA113,"Bloomington, IN;Fort Wayne, IN;Erie, PA",ABC,Assignment,8,121272000,A1.A2.A3.A4.A5.B1.B2.B3,50000000,461900,0,461900,121733900
107,27,AT&T Spectrum Frontiers LLC,0027840180,REAG 4,PEA079;PEA099,"Hattiesburg, MS;Tupelo, MS",ABC,Assignment,4,75432888,B4.B5.C1.C2,2120950,0,0,0,75432888
107,27,Cellco Partnership,0003290673,REAG 4,PEA079;PEA099,"Hattiesburg, MS;Tupelo, MS",ABC,Assignment,8,150865776,A1.A2.A3.A4.A5.B1.B2.B3,50000000,424190,0,424190,151289966
107,27,"Cellular South Licenses, LLC",0020434767,REAG 4,PEA079;PEA099,"Hattiesburg, MS;Tupelo, MS",ABC,Assignment,2,37716444,C3.C4,0,0,0,0,37716444
107,27,AT&T Spectrum Frontiers LLC,0027840180,REAG 5,PEA047,"Brownsville, TX",A,Interim Assignment,2,88652000,A4.A5,598730,0,0,0,88652000
107,27,AT&T Spectrum Frontiers LLC,0027840180,REAG 5,PEA047,"Brownsville, TX",A+BC,Final Assignment,4,180488000,B4.B5.C1.C2,3091280,0,0,0,180488000
107,27,Cellco Partnership,0003290673,REAG 5,PEA047,"Brownsville, TX",A,Interim Assignment,3,132978000,A1.A2.A3,20000000,0,0,0,132978000
107,27,Cellco Partnership,0003290673,REAG 5,PEA047,"Brownsville, TX",A+BC,Final Assignment,8,362568000,A1.A2.A3.A4.A5.B1.B2.B3,71196040,0,494600,494600,363062600
107,27,T-Mobile License LLC,0001565449,REAG 5,PEA047,"Brownsville, TX",A+BC,Final Assignment,2,91836000,C3.C4,1377540,0,123650,123650,91959650
107,27,AT&T Spectrum Frontiers LLC,0027840180,REAG 6,PEA076,"Reno, NV",ABC,Assignment,4,19544000,C1.C2.C3.C4,80120,0,0,0,19544000
107,27,Cellco Partnership,0003290673,REAG 6,PEA076,"Reno, NV",ABC,Assignment,10,48860000,A1.A2.A3.A4.A5.B1.B2.B3.B4.B5,50000000,0,0,0,48860000
107,26,AT&T Spectrum Frontiers LLC,0027840180,REAG 1,PEA049,"Albany, NY",A,Interim Assignment,2,55592540,A4.A5,384980,0,0,0,55592540
107,26,AT&T Spectrum Frontiers LLC,0027840180,REAG 1,PEA049,"Albany, NY",A+BC,Final Assignment,4,79306540,B3.B4.B5.C1,1960860,0,0,0,79306540
107,26,Cellco Partnership,0003290673,REAG 1,PEA049,"Albany, NY",A,Interim Assignment,3,83388810,A1.A2.A3,20000000,0,0,0,83388810
107,26,Cellco Partnership,0003290673,REAG 1,PEA049,"Albany, NY",A+BC,Final Assignment,7,130816810,A1.A2.A3.A4.A5.B1.B2,50000000,431290,155624,586914,131403724
107,26,T-Mobile License LLC,0001565449,REAG 1,PEA049,"Albany, NY",A+BC,Final Assignment,3,35571000,C2.C3.C4,222320,0,66696,66696,35637696
107,26,AT&T Spectrum Frontiers LLC,0027840180,REAG 2,PEA100;PEA109;PEA115,"Greenville, NC;Rocky Mount, NC;Asheville, NC",ABC,Assignment,4,87267364,B3.B4.B5.C1,1981280,0,0,0,87267364
107,26,Cellco Partnership,0003290673,REAG 2,PEA100;PEA109;PEA115,"Greenville, NC;Rocky Mount, NC;Asheville, NC",ABC,Assignment,7,152717887,A1.A2.A3.A4.A5.B1.B2,50000000,0,462301,462301,153180188
107,26,United States Cellular Corporation,0004372322,REAG 2,PEA100;PEA109;PEA115,"Greenville, NC;Rocky Mount, NC;Asheville, NC",ABC,Assignment,3,65450523,C2.C3.C4,10000010,0,198129,198129,65648652
107,26,AT&T Spectrum Frontiers LLC,0027840180,REAG 3,PEA121;PEA123;PEA129;PEA134;PEA141;PEA172;PEA194,"Altoona, PA;Mansfield, OH;Springfield, IL;Newark, OH;Brainerd, MN;Duluth, MN;State College, PA",ABC,Assignment,4,56208000,B4.B5.C1.C2,2118270,125720,0,125720,56333720
107,26,"Canopy Spectrum, LLC",0029963048,REAG 3,PEA121;PEA123;PEA129;PEA134;PEA141;PEA172;PEA194,"Altoona, PA;Mansfield, OH;Springfield, IL;Newark, OH;Brainerd, MN;Duluth, MN;State College, PA",ABC,Assignment,2,28104000,C3.C4,140,0,0,0,28104000
107,26,Cellco Partnership,0003290673,REAG 3,PEA121;PEA123;PEA129;PEA134;PEA141;PEA172;PEA194,"Altoona, PA;Mansfield, OH;Springfield, IL;Newark, OH;Brainerd, MN;Duluth, MN;State College, PA",ABC,Assignment,8,112416000,A1.A2.A3.A4.A5.B1.B2.B3,50000000,423800,0,423800,112839800
107,26,AT&T Spectrum Frontiers LLC,0027840180,REAG 4,PEA086;PEA093;PEA098;PEA110,"Frankfort, KY;Lafayette, LA;Johnson City, TN;Jackson, TN",ABC,Assignment,4,72604448,B4.B5.C1.C2,2365110,71840,0,71840,72676288
107,26,"Canopy Spectrum, LLC",0029963048,REAG 4,PEA086;PEA093;PEA098;PEA110,"Frankfort, KY;Lafayette, LA;Johnson City, TN;Jackson, TN",ABC,Assignment,2,36302224,C3.C4,80,0,0,0,36302224
107,26,Cellco Partnership,0003290673,REAG 4,PEA086;PEA093;PEA098;PEA110,"Frankfort, KY;Lafayette, LA;Johnson City, TN;Jackson, TN",ABC,Assignment,8,145208896,A1.A2.A3.A4.A5.B1.B2.B3,50000000,473110,0,473110,145682006
107,26,AT&T Spectrum Frontiers LLC,0027840180,REAG 5,PEA211;PEA231;PEA236;PEA278;PEA281;PEA365;PEA369;PEA374;PEA388,"Ardmore, OK;Fremont, NE;Grand Island, NE;Bartlesville, OK;Muskogee, OK;Vernon, TX;Red Oak, IA;North Platte, NE;Atlantic, IA",ABC,Assignment,4,86924316,B3.B4.B5.C1,1566900,0,0,0,86924316
107,26,Cellco Partnership,0003290673,REAG 5,PEA211;PEA231;PEA236;PEA278;PEA281;PEA365;PEA369;PEA374;PEA388,"Ardmore, OK;Fremont, NE;Grand Island, NE;Bartlesville, OK;Muskogee, OK;Vernon, TX;Red Oak, IA;North Platte, NE;Atlantic, IA",ABC,Assignment,7,152117553,A1.A2.A3.A4.A5.B1.B2,50000000,0,365610,365610,152483163
107,26,United States Cellular Corporation,0004372322,REAG 5,PEA211;PEA231;PEA236;PEA278;PEA281;PEA365;PEA369;PEA374;PEA388,"Ardmore, OK;Fremont, NE;Grand Island, NE;Bartlesville, OK;Muskogee, OK;Vernon, TX;Red Oak, IA;North Platte, NE;Atlantic, IA",ABC,Assignment,3,65193237,C2.C3.C4,10000010,0,156690,156690,65349927
107,26,AT&T Spectrum Frontiers LLC,0027840180,REAG 6,PEA124;PEA166,"Olympia, WA;Redding, CA",ABC,Assignment,4,41147920,B4.B5.C1.C2,1217160,0,0,0,41147920
107,26,Cellco Partnership,0003290673,REAG 6,PEA124;PEA166,"Olympia, WA;Redding, CA",ABC,Assignment,8,82295840,A1.A2.A3.A4.A5.B1.B2.B3,50000000,0,194744,194744,82490584
107,26,United States Cellular Corporation,0004372322,REAG 6,PEA124;PEA166,"Olympia, WA;Redding, CA",ABC,Assignment,2,20573960,C3.C4,3500010,0,48686,48686,20622646
107,25,AT&T Spectrum Frontiers LLC,0027840180,REAG 1,PEA048,"Harrisburg, PA",A,Interim Assignment,2,75287220,A4.A5,378780,0,0,0,75287220
107,25,AT&T Spectrum Frontiers LLC,0027840180,REAG 1,PEA048,"Harrisburg, PA",A+BC,Final Assignment,4,144539460,B4.B5.C1.C2,3841570,0,0,0,144539460
107,25,Cellco Partnership,0003290673,REAG 1,PEA048,"Harrisburg, PA",A,Interim Assignment,3,112930830,A1.A2.A3,5000000,0,0,0,112930830
107,25,Cellco Partnership,0003290673,REAG 1,PEA048,"Harrisburg, PA",A+BC,Final Assignment,8,286061430,A1.A2.A3.A4.A5.B1.B2.B3,28836110,0,614648,614648,286676078
107,25,T-Mobile License LLC,0001565449,REAG 1,PEA048,"Harrisburg, PA",A+BC,Final Assignment,2,69252240,C3.C4,1038780,0,153662,153662,69405902
107,25,AT&T Spectrum Frontiers LLC,0027840180,REAG 2,PEA131;PEA146;PEA167;PEA200;PEA230,"Sanford, NC;Wilmington, NC;Harrisonburg, VA;Danville, VA;Lumberton, NC",ABC,Assignment,4,61276108,B4.B5.C1.C2,2901660,0,0,0,61276108
107,25,Cellco Partnership,0003290673,REAG 2,PEA131;PEA146;PEA167;PEA200;PEA230,"Sanford, NC;Wilmington, NC;Harrisonburg, VA;Danville, VA;Lumberton, NC",ABC,Assignment,8,122552216,A1.A2.A3.A4.A5.B1.B2.B3,20024440,0,464264,464264,123016480
107,25,United States Cellular Corporation,0004372322,REAG 2,PEA131;PEA146;PEA167;PEA200;PEA230,"Sanford, NC;Wilmington, NC;Harrisonburg, VA;Danville, VA;Lumberton, NC",ABC,Assignment,2,30638054,C3.C4,5000010,0,116066,116066,30754120
107,25,AT&T Spectrum Frontiers LLC,0027840180,REAG 3,PEA031;PEA037,"Indianapolis, IN;Columbus, OH",A,Interim Assignment,2,201810960,A4.A5,1434400,0,0,0,201810960
107,25,AT&T Spectrum Frontiers LLC,0027840180,REAG 3,PEA031;PEA037,"Indianapolis, IN;Columbus, OH",A+BC,Final Assignment,4,378909880,B4.B5.C1.C2,8395990,0,0,0,378909880
107,25,Cellco Partnership,0003290673,REAG 3,PEA031;PEA037,"Indianapolis, IN;Columbus, OH",A,Interim Assignment,3,302716440,A1.A2.A3,11197920,0,0,0,302716440
107,25,Cellco Partnership,0003290673,REAG 3,PEA031;PEA037,"Indianapolis, IN;Columbus, OH",A+BC,Final Assignment,8,745463740,A1.A2.A3.A4.A5.B1.B2.B3,89475760,0,1343368,1343368,746807108
107,25,T-Mobile License LLC,0001565449,REAG 3,PEA031;PEA037,"Indianapolis, IN;Columbus, OH",A+BC,Final Assignment,2,177098920,C3.C4,2656480,0,335842,335842,177434762
107,25,AT&T Spectrum Frontiers LLC,0027840180,REAG 4,PEA084;PEA087;PEA095;PEA111,"Mobile, AL;Pensacola, FL;Bluefield, WV;Fayetteville, AR",ABC,Assignment,4,106004000,C1.C2.C3.C4,298170,0,0,0,106004000
107,25,Cellco Partnership,0003290673,REAG 4,PEA084;PEA087;PEA095;PEA111,"Mobile, AL;Pensacola, FL;Bluefield, WV;Fayetteville, AR",ABC,Assignment,10,265010000,A1.A2.A3.A4.A5.B1.B2.B3.B4.B5,29131220,0,0,0,265010000
107,25,AT&T Spectrum Frontiers LLC,0027840180,REAG 5,PEA039,"Oklahoma City, OK",A,Interim Assignment,2,97400400,A4.A5,744110,0,0,0,97400400
107,25,AT&T Spectrum Frontiers LLC,0027840180,REAG 5,PEA039,"Oklahoma City, OK",A+BC,Final Assignment,4,202544646,B5.C1.C2.C3,2478800,0,0,0,202544646
107,25,Cellco Partnership,0003290673,REAG 5,PEA039,"Oklahoma City, OK",A,Interim Assignment,3,146100600,A1.A2.A3,10000000,0,0,0,146100600
107,25,Cellco Partnership,0003290673,REAG 5,PEA039,"Oklahoma City, OK",A+BC,Final Assignment,9,461533338,A1.A2.A3.A4.A5.B1.B2.B3.B4,41496010,0,3187044,3187044,464720382
107,25,United States Cellular Corporation,0004372322,REAG 5,PEA039,"Oklahoma City, OK",A+BC,Final Assignment,1,52572123,C4,11000010,0,354116,354116,52926239
107,25,AT&T Spectrum Frontiers LLC,0027840180,REAG 6,PEA070,"Eugene, OR",ABC,Assignment,4,38210300,B3.B4.B5.C1,2336380,0,0,0,38210300
107,25,Cellco Partnership,0003290673,REAG 6,PEA070,"Eugene, OR",ABC,Assignment,7,66868025,A1.A2.A3.A4.A5.B1.B2,8865760,0,545153,545153,67413178
107,25,United States Cellular Corporation,0004372322,REAG 6,PEA070,"Eugene, OR",ABC,Assignment,3,28657725,C2.C3.C4,6000010,0,233637,233637,28891362
107,24,AT&T Spectrum Frontiers LLC,0027840180,REAG 1,PEA077;PEA107,"Portland, ME;Bangor, ME",ABC,Assignment,4,79812216,B3.B4.B5.C1,2256320,0,0,0,79812216
107,24,Cellco Partnership,0003290673,REAG 1,PEA077;PEA107,"Portland, ME;Bangor, ME",ABC,Assignment,7,139671378,A1.A2.A3.A4.A5.B1.B2,37224920,0,175490,175490,139846868
107,24,United States Cellular Corporation,0004372322,REAG 1,PEA077;PEA107,"Portland, ME;Bangor, ME",ABC,Assignment,3,59859162,C2.C3.C4,6000010,0,75210,75210,59934372
107,24,AT&T Spectrum Frontiers LLC,0027840180,REAG 2,PEA029,"Jacksonville, FL",A,Interim Assignment,2,95128000,A4.A5,968310,0,0,0,95128000
107,24,AT&T Spectrum Frontiers LLC,0027840180,REAG 2,PEA029,"Jacksonville, FL",A+BC,Final Assignment,4,166769000,B3.B4.B5.C1,3953160,0,0,0,166769000
107,24,Cellco Partnership,0003290673,REAG 2,PEA029,"Jacksonville, FL",A,Interim Assignment,3,142692000,A1.A2.A3,20000000,0,0,0,142692000
107,24,Cellco Partnership,0003290673,REAG 2,PEA029,"Jacksonville, FL",A+BC,Final Assignment,7,285974000,A1.A2.A3.A4.A5.B1.B2,51316660,477090,653816,1130906,287104906
107,24,"NewLevel II, L.P.",0029984747,REAG 2,PEA029,"Jacksonville, FL",A+BC,Final Assignment,1,35820500,C2,50010,0,10,10,35820510
107,24,T-Mobile License LLC,0001565449,REAG 2,PEA029,"Jacksonville, FL",A+BC,Final Assignment,2,71641000,C3.C4,1074620,0,186805,186805,71827805
107,24,AT&T Spectrum Frontiers LLC,0027840180,REAG 3,PEA137;PEA197;PEA226;PEA261;PEA265;PEA270;PEA273;PEA286;PEA290;PEA301;PEA307;PEA318;PEA321;PEA322;PEA325;PEA326;PEA333;PEA336;PEA342;PEA348;PEA351;PEA353;PEA379;PEA380;PEA387;PEA395,"Eau Claire, WI;Wheeling, WV;Lima, OH;Fargo, ND;Winona, MN;Ottawa, IL;Bloomington, IL;Sioux Falls, SD;Watertown, SD;Rochester, MN;Yankton, SD;Thief River Falls, MN;Batesville, IN;Minot, ND;Bismarck, ND;Fergus Falls, MN;Sidney, OH;Grand Forks, ND;Mitchell, SD;Aberdeen, SD;Dickinson, ND;Watseka, IL;Sault Ste. Marie, MI;Escanaba, MI;Wahpeton, ND;Jamestown, ND",ABC,Assignment,4,52108004,C1.C2.C3.C4,141930,0,0,0,52108004
107,24,Cellco Partnership,0003290673,REAG 3,PEA137;PEA197;PEA226;PEA261;PEA265;PEA270;PEA273;PEA286;PEA290;PEA301;PEA307;PEA318;PEA321;PEA322;PEA325;PEA326;PEA333;PEA336;PEA342;PEA348;PEA351;PEA353;PEA379;PEA380;PEA387;PEA395,"Eau Claire, WI;Wheeling, WV;Lima, OH;Fargo, ND;Winona, MN;Ottawa, IL;Bloomington, IL;Sioux Falls, SD;Watertown, SD;Rochester, MN;Yankton, SD;Thief River Falls, MN;Batesville, IN;Minot, ND;Bismarck, ND;Fergus Falls, MN;Sidney, OH;Grand Forks, ND;Mitchell, SD;Aberdeen, SD;Dickinson, ND;Watseka, IL;Sault Ste. Marie, MI;Escanaba, MI;Wahpeton, ND;Jamestown, ND",ABC,Assignment,10,130270010,A1.A2.A3.A4.A5.B1.B2.B3.B4.B5,53116520,0,0,0,130270010
107,24,AT&T Spectrum Frontiers LLC,0027840180,REAG 4,PEA139;PEA164;PEA171;PEA198;PEA204;PEA232;PEA243;PEA258;PEA310;PEA344;PEA347;PEA350;PEA377;PEA397,"Hot Springs, AR;Montgomery, AL;Fort Smith, AR;Jonesboro, AR;Owensboro, KY;Topeka, KS;Paducah, KY;Cullman, AL;Farmington, MO;Clanton, AL;New Roads, LA;Forrest City, AR;Demopolis, AL;Aliceville, AL",ABC,Assignment,4,50477604,C1.C2.C3.C4,144740,0,0,0,50477604
107,24,Cellco Partnership,0003290673,REAG 4,PEA139;PEA164;PEA171;PEA198;PEA204;PEA232;PEA243;PEA258;PEA310;PEA344;PEA347;PEA350;PEA377;PEA397,"Hot Springs, AR;Montgomery, AL;Fort Smith, AR;Jonesboro, AR;Owensboro, KY;Topeka, KS;Paducah, KY;Cullman, AL;Farmington, MO;Clanton, AL;New Roads, LA;Forrest City, AR;Demopolis, AL;Aliceville, AL",ABC,Assignment,10,126194010,A1.A2.A3.A4.A5.B1.B2.B3.B4.B5,25956780,0,0,0,126194010
107,24,AT&T Spectrum Frontiers LLC,0027840180,REAG 5,PEA120;PEA184;PEA189;PEA217;PEA221,"Shreveport, LA;Ruston, LA;Alexandria, LA;Lubbock, TX;Laredo, TX",ABC,Assignment,4,35458108,B4.B5.C1.C2,1827220,44900,0,44900,35503008
107,24,"Canopy Spectrum, LLC",0029963048,REAG 5,PEA120;PEA184;PEA189;PEA217;PEA221,"Shreveport, LA;Ruston, LA;Alexandria, LA;Lubbock, TX;Laredo, TX",ABC,Assignment,2,17729054,C3.C4,50,0,0,0,17729054
107,24,Cellco Partnership,0003290673,REAG 5,PEA120;PEA184;PEA189;PEA217;PEA221,"Shreveport, LA;Ruston, LA;Alexandria, LA;Lubbock, TX;Laredo, TX",ABC,Assignment,8,70916216,A1.A2.A3.A4.A5.B1.B2.B3,17851200,365490,0,365490,71281706
107,24,AT&T Spectrum Frontiers LLC,0027840180,REAG 6,PEA148;PEA156;PEA247,"Bellingham, WA;Boise City, ID;Nampa, ID",ABC,Assignment,4,38518908,B4.B5.C1.C2,1366730,72230,0,72230,38591138
107,24,Cellco Partnership,0003290673,REAG 6,PEA148;PEA156;PEA247,"Bellingham, WA;Boise City, ID;Nampa, ID",ABC,Assignment,8,77037816,A1.A2.A3.A4.A5.B1.B2.B3,25862400,0,218680,218680,77256496
107,24,T-Mobile License LLC,0001565449,REAG 6,PEA148;PEA156;PEA247,"Bellingham, WA;Boise City, ID;Nampa, ID",ABC,Assignment,2,19259454,C3.C4,409260,0,54670,54670,19314124
107,23,AT&T Spectrum Frontiers LLC,0027840180,REAG 1,PEA054;PEA069,"Buffalo, NY;Springfield, MA",ABC,Assignment,4,107293308,B4.B5.C1.C2,3589010,0,0,0,107293308
107,23,Cellco Partnership,0003290673,REAG 1,PEA054;PEA069,"Buffalo, NY;Springfield, MA",ABC,Assignment,8,214586616,A1.A2.A3.A4.A5.B1.B2.B3,23173210,0,574248,574248,215160864
107,23,T-Mobile License LLC,0001565449,REAG 1,PEA054;PEA069,"Buffalo, NY;Springfield, MA",ABC,Assignment,2,53646654,C3.C4,804700,0,143562,143562,53790216
107,23,AT&T Spectrum Frontiers LLC,0027840180,REAG 2,PEA065;PEA067;PEA078;PEA085;PEA117,"Cape Coral, FL;Sarasota, FL;Greensboro, NC;Charleston, SC;La Grange, GA",ABC,Assignment,4,194418552,B4.B5.C1.C2,4980820,0,0,0,194418552
107,23,Cellco Partnership,0003290673,REAG 2,PEA065;PEA067;PEA078;PEA085;PEA117,"Cape Coral, FL;Sarasota, FL;Greensboro, NC;Charleston, SC;La Grange, GA",ABC,Assignment,8,388837104,A1.A2.A3.A4.A5.B1.B2.B3,39764140,0,796936,796936,389634040
107,23,T-Mobile License LLC,0001565449,REAG 2,PEA065;PEA067;PEA078;PEA085;PEA117,"Cape Coral, FL;Sarasota, FL;Greensboro, NC;Charleston, SC;La Grange, GA",ABC,Assignment,2,97209276,C3.C4,1458140,0,199234,199234,97408510
107,23,AT&T Spectrum Frontiers LLC,0027840180,REAG 3,PEA023;PEA025,"Pittsburgh, PA;Cincinnati, OH",A,Interim Assignment,2,211092340,A4.A5,1431860,0,0,0,211092340
107,23,AT&T Spectrum Frontiers LLC,0027840180,REAG 3,PEA023;PEA025,"Pittsburgh, PA;Cincinnati, OH",A+BC,Final Assignment,4,384722340,B3.B4.B5.C1,7693140,0,0,0,384722340
107,23,Cellco Partnership,0003290673,REAG 3,PEA023;PEA025,"Pittsburgh, PA;Cincinnati, OH",A,Interim Assignment,3,316638510,A1.A2.A3,20000000,0,0,0,316638510
107,23,Cellco Partnership,0003290673,REAG 3,PEA023;PEA025,"Pittsburgh, PA;Cincinnati, OH",A+BC,Final Assignment,7,663898510,A1.A2.A3.A4.A5.B1.B2,87957400,925750,1274475,2200225,666098735
107,23,"NewLevel II, L.P.",0029984747,REAG 3,PEA023;PEA025,"Pittsburgh, PA;Cincinnati, OH",A+BC,Final Assignment,1,86815000,C2,100010,0,10,10,86815010
107,23,T-Mobile License LLC,0001565449,REAG 3,PEA023;PEA025,"Pittsburgh, PA;Cincinnati, OH",A+BC,Final Assignment,2,173630000,C3.C4,2604450,0,364136,364136,173994136
107,23,AT&T Spectrum Frontiers LLC,0027840180,REAG 4,PEA125;PEA127;PEA145;PEA161;PEA162;PEA170;PEA193;PEA196;PEA293;PEA300;PEA330,"Alton, IL;Evansville, IN;Columbia, TN;Carbondale, IL;Elizabethtown, KY;Dothan, AL;Saint Joseph, MO;Cape Girardeau, MO;Lawrenceburg, TN;Selma, AL;Olney, IL",ABC,Assignment,4,57445920,B4.B5.C1.C2,3230490,43780,0,43780,57489700
107,23,"Canopy Spectrum, LLC",0029963048,REAG 4,PEA125;PEA127;PEA145;PEA161;PEA162;PEA170;PEA193;PEA196;PEA293;PEA300;PEA330,"Alton, IL;Evansville, IN;Columbia, TN;Carbondale, IL;Elizabethtown, KY;Dothan, AL;Saint Joseph, MO;Cape Girardeau, MO;Lawrenceburg, TN;Selma, AL;Olney, IL",ABC,Assignment,2,28722960,C3.C4,110,0,0,0,28722960
107,23,Cellco Partnership,0003290673,REAG 4,PEA125;PEA127;PEA145;PEA161;PEA162;PEA170;PEA193;PEA196;PEA293;PEA300;PEA330,"Alton, IL;Evansville, IN;Columbia, TN;Carbondale, IL;Elizabethtown, KY;Dothan, AL;Saint Joseph, MO;Cape Girardeau, MO;Lawrenceburg, TN;Selma, AL;Olney, IL",ABC,Assignment,8,114891840,A1.A2.A3.A4.A5.B1.B2.B3,18823290,646210,0,646210,115538050
107,23,AT&T Spectrum Frontiers LLC,0027840180,REAG 5,PEA073;PEA075;PEA094;PEA101,"El Paso, TX;Albuquerque, NM;Waco, TX;Wichita, KS",ABC,Assignment,4,141932272,B4.B5.C1.C2,4103940,0,0,0,141932272
107,23,Cellco Partnership,0003290673,REAG 5,PEA073;PEA075;PEA094;PEA101,"El Paso, TX;Albuquerque, NM;Waco, TX;Wichita, KS",ABC,Assignment,8,283864544,A1.A2.A3.A4.A5.B1.B2.B3,33713450,0,656632,656632,284521176
107,23,T-Mobile License LLC,0001565449,REAG 5,PEA073;PEA075;PEA094;PEA101,"El Paso, TX;Albuquerque, NM;Waco, TX;Wichita, KS",ABC,Assignment,2,70966136,C3.C4,1064490,0,164158,164158,71130294
107,23,AT&T Spectrum Frontiers LLC,0027840180,REAG 6,PEA119;PEA205;PEA213;PEA297,"Yakima, WA;Douglas City, CA;Bend, OR;Pendleton, OR",ABC,Assignment,4,77652156,B3.B4.B5.C1,2071440,0,0,0,77652156
107,23,Cellco Partnership,0003290673,REAG 6,PEA119;PEA205;PEA213;PEA297,"Yakima, WA;Douglas City, CA;Bend, OR;Pendleton, OR",ABC,Assignment,7,135891273,A1.A2.A3.A4.A5.B1.B2,17247300,0,483336,483336,136374609
107,23,United States Cellular Corporation,0004372322,REAG 6,PEA119;PEA205;PEA213;PEA297,"Yakima, WA;Douglas City, CA;Bend, OR;Pendleton, OR",ABC,Assignment,3,58239117,C2.C3.C4,6000010,0,207144,207144,58446261
107,22,AT&T Spectrum Frontiers LLC,0027840180,REAG 1,PEA136;PEA138;PEA210;PEA227;PEA271;PEA283;PEA296;PEA324,"Williamsport, PA;Burlington, VT;Binghamton, NY;Watertown, NY;Elmira, NY;Plattsburgh, NY;Pottsville, PA;Honesdale, PA",ABC,Assignment,4,37420000,C1.C2.C3.C4,129760,0,0,0,37420000
107,22,Cellco Partnership,0003290673,REAG 1,PEA136;PEA138;PEA210;PEA227;PEA271;PEA283;PEA296;PEA324,"Williamsport, PA;Burlington, VT;Binghamton, NY;Watertown, NY;Elmira, NY;Plattsburgh, NY;Pottsville, PA;Honesdale, PA",ABC,Assignment,10,93550000,A1.A2.A3.A4.A5.B1.B2.B3.B4.B5,10200300,0,0,0,93550000
107,22,AT&T Spectrum Frontiers LLC,0027840180,REAG 2,PEA140;PEA165;PEA177;PEA192;PEA199;PEA202;PEA207;PEA208;PEA234;PEA237;PEA238;PEA239;PEA241;PEA246;PEA248;PEA262;PEA284;PEA308;PEA319;PEA327;PEA345;PEA378,"Fredericksburg, VA;Rome, GA;Savannah, GA;Fayetteville, NC;Dalton, GA;Columbus, GA;Brunswick, GA;Salisbury, NC;Lexington, NC;Hinesville, GA;Florence, SC;Kannapolis, NC;Dublin, GA;Auburn, AL;Sumter, SC;Hilton Head Island, SC;Greenwood, SC;Americus, GA;Albany, GA;Orangeburg, SC;Newberry, SC;Waynesboro, GA",ABC,Assignment,4,99008000,C1.C2.C3.C4,257020,0,0,0,99008000
107,22,Cellco Partnership,0003290673,REAG 2,PEA140;PEA165;PEA177;PEA192;PEA199;PEA202;PEA207;PEA208;PEA234;PEA237;PEA238;PEA239;PEA241;PEA246;PEA248;PEA262;PEA284;PEA308;PEA319;PEA327;PEA345;PEA378,"Fredericksburg, VA;Rome, GA;Savannah, GA;Fayetteville, NC;Dalton, GA;Columbus, GA;Brunswick, GA;Salisbury, NC;Lexington, NC;Hinesville, GA;Florence, SC;Kannapolis, NC;Dublin, GA;Auburn, AL;Sumter, SC;Hilton Head Island, SC;Greenwood, SC;Americus, GA;Albany, GA;Orangeburg, SC;Newberry, SC;Waynesboro, GA",ABC,Assignment,10,247520000,A1.A2.A3.A4.A5.B1.B2.B3.B4.B5,24329590,0,0,0,247520000
107,22,AT&T Spectrum Frontiers LLC,0027840180,REAG 3,PEA122;PEA153;PEA155;PEA163;PEA168;PEA176;PEA179;PEA182;PEA209;PEA218;PEA219;PEA223;PEA224;PEA225;PEA252;PEA267;PEA268;PEA269;PEA282;PEA287;PEA294;PEA354;PEA370;PEA383;PEA384;PEA385;PEA396;PEA398,"Madison, WI;Fond du Lac, WI;Appleton, WI;Davenport, IA;Peoria, IL;Ames, IA;Burlington, IA;Cedar Rapids, IA;Green Bay, WI;Wausau, WI;Mason City, IA;Dubuque, IA;De Kalb, IL;La Crosse, WI;Sioux City, IA;Sheboygan, WI;Clinton, IA;Racine, WI;Galesburg, IL;Kenosha, WI;Waterloo, IA;New London, WI;Washington, IA;Creston, IA;Manchester, IA;Hannibal, MO;Winterset, IA;South Sioux City, NE",ABC,Assignment,4,357439412,B3.B4.B5.C1,6673420,0,0,0,357439412
107,22,Cellco Partnership,0003290673,REAG 3,PEA122;PEA153;PEA155;PEA163;PEA168;PEA176;PEA179;PEA182;PEA209;PEA218;PEA219;PEA223;PEA224;PEA225;PEA252;PEA267;PEA268;PEA269;PEA282;PEA287;PEA294;PEA354;PEA370;PEA383;PEA384;PEA385;PEA396;PEA398,"Madison, WI;Fond du Lac, WI;Appleton, WI;Davenport, IA;Peoria, IL;Ames, IA;Burlington, IA;Cedar Rapids, IA;Green Bay, WI;Wausau, WI;Mason City, IA;Dubuque, IA;De Kalb, IL;La Crosse, WI;Sioux City, IA;Sheboygan, WI;Clinton, IA;Racine, WI;Galesburg, IL;Kenosha, WI;Waterloo, IA;New London, WI;Washington, IA;Creston, IA;Manchester, IA;Hannibal, MO;Winterset, IA;South Sioux City, NE",ABC,Assignment,7,625518971,A1.A2.A3.A4.A5.B1.B2,65508130,1177660,0,1177660,626696631
107,22,United States Cellular Corporation,0004372322,REAG 3,PEA122;PEA153;PEA155;PEA163;PEA168;PEA176;PEA179;PEA182;PEA209;PEA218;PEA219;PEA223;PEA224;PEA225;PEA252;PEA267;PEA268;PEA269;PEA282;PEA287;PEA294;PEA354;PEA370;PEA383;PEA384;PEA385;PEA396;PEA398,"Madison, WI;Fond du Lac, WI;Appleton, WI;Davenport, IA;Peoria, IL;Ames, IA;Burlington, IA;Cedar Rapids, IA;Green Bay, WI;Wausau, WI;Mason City, IA;Dubuque, IA;De Kalb, IL;La Crosse, WI;Sioux City, IA;Sheboygan, WI;Clinton, IA;Racine, WI;Galesburg, IL;Kenosha, WI;Waterloo, IA;New London, WI;Washington, IA;Creston, IA;Manchester, IA;Hannibal, MO;Winterset, IA;South Sioux City, NE",ABC,Assignment,3,268079559,C2.C3.C4,6000010,0,0,0,268079559
107,22,AT&T Spectrum Frontiers LLC,0027840180,REAG 4,PEA051;PEA055;PEA059;PEA090,"Louisville, KY;Huntsville, AL;Memphis, TN;Jackson, MS",ABC,Assignment,4,218408544,B4.B5.C1.C2,5636420,0,0,0,218408544
107,22,Cellco Partnership,0003290673,REAG 4,PEA051;PEA055;PEA059;PEA090,"Louisville, KY;Huntsville, AL;Memphis, TN;Jackson, MS",ABC,Assignment,8,436817088,A1.A2.A3.A4.A5.B1.B2.B3,39349250,0,901832,901832,437718920
107,22,T-Mobile License LLC,0001565449,REAG 4,PEA051;PEA055;PEA059;PEA090,"Louisville, KY;Huntsville, AL;Memphis, TN;Jackson, MS",ABC,Assignment,2,109204272,C3.C4,2047580,0,225458,225458,109429730
107,22,AT&T Spectrum Frontiers LLC,0027840180,REAG 5,PEA028;PEA035,"San Antonio, TX;Austin, TX",A,Interim Assignment,2,208375500,A4.A5,1554070,0,0,0,208375500
107,22,AT&T Spectrum Frontiers LLC,0027840180,REAG 5,PEA028;PEA035,"San Antonio, TX;Austin, TX",A+BC,Final Assignment,4,359374200,B3.B4.B5.C1,7142350,0,0,0,359374200
107,22,Cellco Partnership,0003290673,REAG 5,PEA028;PEA035,"San Antonio, TX;Austin, TX",A,Interim Assignment,3,312563250,A1.A2.A3,20000000,0,0,0,312563250
107,22,Cellco Partnership,0003290673,REAG 5,PEA028;PEA035,"San Antonio, TX;Austin, TX",A+BC,Final Assignment,7,614560650,A1.A2.A3.A4.A5.B1.B2,52290030,852310,1188803,2041113,616601763
107,22,"NewLevel II, L.P.",0029984747,REAG 5,PEA028;PEA035,"San Antonio, TX;Austin, TX",A+BC,Final Assignment,1,75499350,C2,100010,0,10,10,75499360
107,22,T-Mobile License LLC,0001565449,REAG 5,PEA028;PEA035,"San Antonio, TX;Austin, TX",A+BC,Final Assignment,2,150998700,C3.C4,2831230,0,339658,339658,151338358
107,22,AT&T Spectrum Frontiers LLC,0027840180,REAG 6,PEA130;PEA157;PEA158;PEA187;PEA190;PEA195;PEA274;PEA279;PEA289;PEA303;PEA315;PEA356;PEA362;PEA364;PEA403;PEA407,"Spokane, WA;Yuma, AZ;Helena, MT;Pocatello, ID;Bozeman, MT;Lewiston, ID;Twin Falls, ID;Logan, UT;Price, UT;Great Falls, MT;Sheridan, WY;Colville, WA;Payette, ID;Butte, MT;Lewistown, MT;Salmon, ID",ABC,Assignment,4,62392004,C1.C2.C3.C4,160880,0,0,0,62392004
107,22,Cellco Partnership,0003290673,REAG 6,PEA130;PEA157;PEA158;PEA187;PEA190;PEA195;PEA274;PEA279;PEA289;PEA303;PEA315;PEA356;PEA362;PEA364;PEA403;PEA407,"Spokane, WA;Yuma, AZ;Helena, MT;Pocatello, ID;Bozeman, MT;Lewiston, ID;Twin Falls, ID;Logan, UT;Price, UT;Great Falls, MT;Sheridan, WY;Colville, WA;Payette, ID;Butte, MT;Lewistown, MT;Salmon, ID",ABC,Assignment,10,155980010,A1.A2.A3.A4.A5.B1.B2.B3.B4.B5,34556480,0,0,0,155980010
107,21,AT&T Spectrum Frontiers LLC,0027840180,REAG 1,PEA041;PEA044,"Syracuse, NY;Rochester, NY",A,Interim Assignment,2,122338940,A4.A5,197650,0,0,0,122338940
107,21,AT&T Spectrum Frontiers LLC,0027840180,REAG 1,PEA041;PEA044,"Syracuse, NY;Rochester, NY",A+BC,Final Assignment,4,227704940,B5.C1.C2.C3,955820,0,0,0,227704940
107,21,Cellco Partnership,0003290673,REAG 1,PEA041;PEA044,"Syracuse, NY;Rochester, NY",A,Interim Assignment,3,183508410,A1.A2.A3,5000000,0,0,0,183508410
107,21,Cellco Partnership,0003290673,REAG 1,PEA041;PEA044,"Syracuse, NY;Rochester, NY",A+BC,Final Assignment,9,499606410,A1.A2.A3.A4.A5.B1.B2.B3.B4,25000000,2719420,348318,3067738,502674148
107,21,T-Mobile License LLC,0001565449,REAG 1,PEA041;PEA044,"Syracuse, NY;Rochester, NY",A+BC,Final Assignment,1,52683000,C4,387020,0,38702,38702,52721702
107,21,AT&T Spectrum Frontiers LLC,0027840180,REAG 2,PEA021;PEA033;PEA043;PEA045;PEA050,"Tampa, FL;Virginia Beach, VA;Charlotte, NC;Raleigh, NC;Greenville, SC",A,Interim Assignment,2,509389800,A4.A5,1074450,0,0,0,509389800
107,21,AT&T Spectrum Frontiers LLC,0027840180,REAG 2,PEA021;PEA033;PEA043;PEA045;PEA050,"Tampa, FL;Virginia Beach, VA;Charlotte, NC;Raleigh, NC;Greenville, SC",A+BC,Final Assignment,4,990974120,B4.B5.C1.C2,4769240,0,0,0,990974120
107,21,Cellco Partnership,0003290673,REAG 2,PEA021;PEA033;PEA043;PEA045;PEA050,"Tampa, FL;Virginia Beach, VA;Charlotte, NC;Raleigh, NC;Greenville, SC",A,Interim Assignment,3,764084700,A1.A2.A3,5859450,0,0,0,764084700
107,21,Cellco Partnership,0003290673,REAG 2,PEA021;PEA033;PEA043;PEA045;PEA050,"Tampa, FL;Virginia Beach, VA;Charlotte, NC;Raleigh, NC;Greenville, SC",A+BC,Final Assignment,8,1968045500,A1.A2.A3.A4.A5.B1.B2.B3,66205630,1194570,1472320,2666890,1970712390
107,21,T-Mobile License LLC,0001565449,REAG 2,PEA021;PEA033;PEA043;PEA045;PEA050,"Tampa, FL;Virginia Beach, VA;Charlotte, NC;Raleigh, NC;Greenville, SC",A+BC,Final Assignment,2,481584320,C3.C4,1840400,0,368080,368080,481952400
107,21,AT&T Spectrum Frontiers LLC,0027840180,REAG 3,PEA052;PEA056;PEA062;PEA064;PEA068;PEA081;PEA092;PEA097;PEA106,"Charleston, WV;Kalamazoo, MI;Dayton, OH;South Bend, IN;Grand Rapids, MI;Saginaw, MI;Decatur, IL;Mankato, MN;Zanesville, OH",ABC,Assignment,4,208384000,C1.C2.C3.C4,21820,0,0,0,208384000
107,21,Cellco Partnership,0003290673,REAG 3,PEA052;PEA056;PEA062;PEA064;PEA068;PEA081;PEA092;PEA097;PEA106,"Charleston, WV;Kalamazoo, MI;Dayton, OH;South Bend, IN;Grand Rapids, MI;Saginaw, MI;Decatur, IL;Mankato, MN;Zanesville, OH",ABC,Assignment,10,520960000,A1.A2.A3.A4.A5.B1.B2.B3.B4.B5,35000000,0,0,0,520960000
107,21,AT&T Spectrum Frontiers LLC,0027840180,REAG 4,PEA024;PEA030;PEA032;PEA036;PEA040,"Saint Louis, MO;Kansas City, MO;Nashville, TN;New Orleans, LA;Birmingham, AL",A,Interim Assignment,2,459582920,A4.A5,1100470,0,0,0,459582920
107,21,AT&T Spectrum Frontiers LLC,0027840180,REAG 4,PEA024;PEA030;PEA032;PEA036;PEA040,"Saint Louis, MO;Kansas City, MO;Nashville, TN;New Orleans, LA;Birmingham, AL",A+BC,Final Assignment,4,847726566,B4.B5.C1.C2,4328200,0,0,0,847726566
107,21,Cellco Partnership,0003290673,REAG 4,PEA024;PEA030;PEA032;PEA036;PEA040,"Saint Louis, MO;Kansas City, MO;Nashville, TN;New Orleans, LA;Birmingham, AL",A,Interim Assignment,3,689374380,A1.A2.A3,5531070,0,0,0,689374380
107,21,Cellco Partnership,0003290673,REAG 4,PEA024;PEA030;PEA032;PEA036;PEA040,"Saint Louis, MO;Kansas City, MO;Nashville, TN;New Orleans, LA;Birmingham, AL",A+BC,Final Assignment,8,1659733495,A1.A2.A3.A4.A5.B1.B2.B3,62495220,2411610,1533280,3944890,1663678385
107,21,T-Mobile License LLC,0001565449,REAG 4,PEA024;PEA030;PEA032;PEA036;PEA040,"Saint Louis, MO;Kansas City, MO;Nashville, TN;New Orleans, LA;Birmingham, AL",A+BC,Final Assignment,2,388143646,C3.C4,1916600,0,383320,383320,388526966
107,21,AT&T Spectrum Frontiers LLC,0027840180,REAG 5,PEA126;PEA133;PEA135;PEA144;PEA152;PEA160;PEA180;PEA201;PEA214;PEA235;PEA242;PEA249;PEA250;PEA259;PEA263;PEA272;PEA275;PEA276;PEA280;PEA288;PEA292;PEA295;PEA311;PEA313;PEA314;PEA320;PEA323;PEA329;PEA331;PEA334;PEA335;PEA337;PEA338;PEA339;PEA340;PEA341;PEA343;PEA352;PEA355;PEA357;PEA358;PEA359;PEA363;PEA376;PEA381;PEA382;PEA390;PEA394;PEA399;PEA400;PEA401;PEA402;PEA408;PEA409;PEA411,"Casa Grande, AZ;Nacogdoches, TX;Beaumont, TX;Paris, TX;Tyler, TX;Victoria, TX;Flagstaff, AZ;Eagle Pass, TX;Lincoln, NE;Amarillo, TX;Lake Charles, LA;Bryan, TX;Las Cruces, NM;Roswell, NM;Santa Fe, NM;Brownwood, TX;Corsicana, TX;Rapid City, SD;Garden City, KS;Abilene, TX;Pueblo, CO;Stillwater, OK;Trinidad, CO;Lockhart, TX;Jacksonville, TX;San Angelo, TX;Socorro, NM;Kingsville, TX;Plainview, TX;Pampa, TX;Natchitoches, LA;Mineral Wells, TX;Durango, CO;Scottsbluff, NE;Clovis, NM;Alamogordo, NM;Pecos, TX;Gonzales, TX;Casper, WY;Espanola, NM;Marble Falls, TX;Sterling, CO;Big Spring, TX;Hereford, TX;Del Rio, TX;Riverton, WY;Snyder, TX;Martin, SD;Lampasas, TX;Muleshoe, TX;Floydada, TX;Brady, TX;Ballinger, TX;Haskell, TX;Van Horn, TX",ABC,Assignment,4,171671528,C1.C2.C3.C4,18750,0,0,0,171671528
107,21,Cellco Partnership,0003290673,REAG 5,PEA126;PEA133;PEA135;PEA144;PEA152;PEA160;PEA180;PEA201;PEA214;PEA235;PEA242;PEA249;PEA250;PEA259;PEA263;PEA272;PEA275;PEA276;PEA280;PEA288;PEA292;PEA295;PEA311;PEA313;PEA314;PEA320;PEA323;PEA329;PEA331;PEA334;PEA335;PEA337;PEA338;PEA339;PEA340;PEA341;PEA343;PEA352;PEA355;PEA357;PEA358;PEA359;PEA363;PEA376;PEA381;PEA382;PEA390;PEA394;PEA399;PEA400;PEA401;PEA402;PEA408;PEA409;PEA411,"Casa Grande, AZ;Nacogdoches, TX;Beaumont, TX;Paris, TX;Tyler, TX;Victoria, TX;Flagstaff, AZ;Eagle Pass, TX;Lincoln, NE;Amarillo, TX;Lake Charles, LA;Bryan, TX;Las Cruces, NM;Roswell, NM;Santa Fe, NM;Brownwood, TX;Corsicana, TX;Rapid City, SD;Garden City, KS;Abilene, TX;Pueblo, CO;Stillwater, OK;Trinidad, CO;Lockhart, TX;Jacksonville, TX;San Angelo, TX;Socorro, NM;Kingsville, TX;Plainview, TX;Pampa, TX;Natchitoches, LA;Mineral Wells, TX;Durango, CO;Scottsbluff, NE;Clovis, NM;Alamogordo, NM;Pecos, TX;Gonzales, TX;Casper, WY;Espanola, NM;Marble Falls, TX;Sterling, CO;Big Spring, TX;Hereford, TX;Del Rio, TX;Riverton, WY;Snyder, TX;Martin, SD;Lampasas, TX;Muleshoe, TX;Floydada, TX;Brady, TX;Ballinger, TX;Haskell, TX;Van Horn, TX",ABC,Assignment,10,429178820,A1.A2.A3.A4.A5.B1.B2.B3.B4.B5,35000000,0,0,0,429178820
107,21,AT&T Spectrum Frontiers LLC,0027840180,REAG 6,PEA022;PEA026;PEA027;PEA034,"Sacramento, CA;Las Vegas, NV;Salt Lake City, UT;Fresno, CA",A,Interim Assignment,2,500120560,A4.A5,1208020,0,0,0,500120560
107,21,AT&T Spectrum Frontiers LLC,0027840180,REAG 6,PEA022;PEA026;PEA027;PEA034,"Sacramento, CA;Las Vegas, NV;Salt Lake City, UT;Fresno, CA",A+BC,Final Assignment,4,966121180,B4.B5.C1.C2,4520570,0,0,0,966121180
107,21,Cellco Partnership,0003290673,REAG 6,PEA022;PEA026;PEA027;PEA034,"Sacramento, CA;Las Vegas, NV;Salt Lake City, UT;Fresno, CA",A,Interim Assignment,3,750180840,A1.A2.A3,7059130,0,0,0,750180840
107,21,Cellco Partnership,0003290673,REAG 6,PEA022;PEA026;PEA027;PEA034,"Sacramento, CA;Las Vegas, NV;Salt Lake City, UT;Fresno, CA",A+BC,Final Assignment,8,1915182390,A1.A2.A3.A4.A5.B1.B2.B3,79760750,1818520,1853856,3672376,1918854766
107,21,T-Mobile License LLC,0001565449,REAG 6,PEA022;PEA026;PEA027;PEA034,"Sacramento, CA;Las Vegas, NV;Salt Lake City, UT;Fresno, CA",A+BC,Final Assignment,2,466000620,C3.C4,2317320,0,463464,463464,466464084
107,20,AT&T Spectrum Frontiers LLC,0027840180,TOP 20,PEA020,"Denver, CO",ABC,Assignment,4,276560492,B4.B5.C1.C2,977960,0,0,0,276560492
107,20,Cellco Partnership,0003290673,TOP 20,PEA020,"Denver, CO",ABC,Assignment,8,553120984,A1.A2.A3.A4.A5.B1.B2.B3,152265400,1010650,2765600,3776250,556897234
107,20,T-Mobile License LLC,0001565449,TOP 20,PEA020,"Denver, CO",ABC,Assignment,2,138280246,C3.C4,3457000,0,691400,691400,138971646
107,19,AT&T Spectrum Frontiers LLC,0027840180,TOP 20,PEA019,"Portland, OR",A,Interim Assignment,2,123579540,A4.A5,485020,0,0,0,123579540
107,19,AT&T Spectrum Frontiers LLC,0027840180,TOP 20,PEA019,"Portland, OR",A+BC,Final Assignment,4,242701700,B4.B5.C1.C2,843850,0,0,0,242701700
107,19,Cellco Partnership,0003290673,TOP 20,PEA019,"Portland, OR",A,Interim Assignment,3,185369310,A1.A2.A3,20000000,0,0,0,185369310
107,19,Cellco Partnership,0003290673,TOP 20,PEA019,"Portland, OR",A+BC,Final Assignment,8,483174710,A1.A2.A3.A4.A5.B1.B2.B3,152265400,1575880,2382432,3958312,487133022
107,19,T-Mobile License LLC,0001565449,TOP 20,PEA019,"Portland, OR",A+BC,Final Assignment,2,119122160,C3.C4,2978040,0,595608,595608,119717768
107,18,AT&T Spectrum Frontiers LLC,0027840180,TOP 20,PEA018,"San Diego, CA",A,Interim Assignment,2,246778000,A4.A5,1076290,0,0,0,246778000
107,18,AT&T Spectrum Frontiers LLC,0027840180,TOP 20,PEA018,"San Diego, CA",A+BC,Final Assignment,4,451157960,B4.B5.C1.C2,1440650,0,0,0,451157960
107,18,Cellco Partnership,0003290673,TOP 20,PEA018,"San Diego, CA",A,Interim Assignment,3,370167000,A1.A2.A3,20000000,0,0,0,370167000
107,18,Cellco Partnership,0003290673,TOP 20,PEA018,"San Diego, CA",A+BC,Final Assignment,8,881116900,A1.A2.A3.A4.A5.B1.B2.B3,152265400,4599990,4087584,8687574,889804474
107,18,T-Mobile License LLC,0001565449,TOP 20,PEA018,"San Diego, CA",A+BC,Final Assignment,2,204379960,C3.C4,5109480,0,1021896,1021896,205401856
107,17,AT&T Spectrum Frontiers LLC,0027840180,TOP 20,PEA017,"Minneapolis-St. Paul, MN",A,Interim Assignment,2,202790000,A4.A5,676290,0,0,0,202790000
107,17,AT&T Spectrum Frontiers LLC,0027840180,TOP 20,PEA017,"Minneapolis-St. Paul, MN",A+BC,Final Assignment,4,355314000,B4.B5.C1.C2,1072660,0,0,0,355314000
107,17,Cellco Partnership,0003290673,TOP 20,PEA017,"Minneapolis-St. Paul, MN",A,Interim Assignment,3,304185000,A1.A2.A3,20000000,0,0,0,304185000
107,17,Cellco Partnership,0003290673,TOP 20,PEA017,"Minneapolis-St. Paul, MN",A+BC,Final Assignment,8,685495000,A1.A2.A3.A4.A5.B1.B2.B3,152265400,1828910,3050464,4879374,690374374
107,17,T-Mobile License LLC,0001565449,TOP 20,PEA017,"Minneapolis-St. Paul, MN",A+BC,Final Assignment,2,152524000,C3.C4,3813080,0,762616,762616,153286616
107,16,AT&T Spectrum Frontiers LLC,0027840180,TOP 20,PEA016,"Seattle, WA",A,Interim Assignment,2,205940600,A4.A5,687440,0,0,0,205940600
107,16,AT&T Spectrum Frontiers LLC,0027840180,TOP 20,PEA016,"Seattle, WA",A+BC,Final Assignment,4,376476600,C1.C2.C3.C4,10070,0,0,0,376476600
107,16,Cellco Partnership,0003290673,TOP 20,PEA016,"Seattle, WA",A,Interim Assignment,3,308910900,A1.A2.A3,20000000,0,0,0,308910900
107,16,Cellco Partnership,0003290673,TOP 20,PEA016,"Seattle, WA",A+BC,Final Assignment,8,735250900,A1.A2.A3.A4.A5.B1.B2.B3,152265400,2847790,2459776,5307566,740558466
107,16,T-Mobile License LLC,0001565449,TOP 20,PEA016,"Seattle, WA",A+BC,Final Assignment,2,170536000,B4.B5,4263400,1188680,614944,1803624,172339624
107,15,AT&T Spectrum Frontiers LLC,0027840180,TOP 20,PEA015,"Phoenix, AZ",A,Interim Assignment,2,263773980,A4.A5,923280,0,0,0,263773980
107,15,AT&T Spectrum Frontiers LLC,0027840180,TOP 20,PEA015,"Phoenix, AZ",A+BC,Final Assignment,4,518794880,C1.C2.C3.C4,16100,0,0,0,518794880
107,15,Cellco Partnership,0003290673,TOP 20,PEA015,"Phoenix, AZ",A,Interim Assignment,3,395660970,A1.A2.A3,20000000,0,0,0,395660970
107,15,Cellco Partnership,0003290673,TOP 20,PEA015,"Phoenix, AZ",A+BC,Final Assignment,8,1033213220,A1.A2.A3.A4.A5.B1.B2.B3,152265400,3898600,3676384,7574984,1040788204
107,15,T-Mobile License LLC,0001565449,TOP 20,PEA015,"Phoenix, AZ",A+BC,Final Assignment,2,255020900,B4.B5,6375520,1780040,919096,2699136,257720036
107,14,AT&T Spectrum Frontiers LLC,0027840180,TOP 20,PEA014,"Cleveland, OH",A,Interim Assignment,2,187007900,A4.A5,615920,0,0,0,187007900
107,14,AT&T Spectrum Frontiers LLC,0027840180,TOP 20,PEA014,"Cleveland, OH",A+BC,Final Assignment,4,327893902,B3.B4.B5.C1,986250,986180,0,986180,328880082
107,14,Cellco Partnership,0003290673,TOP 20,PEA014,"Cleveland, OH",A,Interim Assignment,3,280511850,A1.A2.A3,20000000,0,0,0,280511850
107,14,Cellco Partnership,0003290673,TOP 20,PEA014,"Cleveland, OH",A+BC,Final Assignment,7,562283854,A1.A2.A3.A4.A5.B1.B2,152265400,5126580,24687,5151267,567435121
107,14,"NewLevel II, L.P.",0029984747,TOP 20,PEA014,"Cleveland, OH",A+BC,Final Assignment,1,70443001,C2,75010,61140,0,61140,70504141
107,14,T-Mobile License LLC,0001565449,TOP 20,PEA014,"Cleveland, OH",A+BC,Final Assignment,2,140886002,C3.C4,2535930,0,7054,7054,140893056
107,13,AT&T Spectrum Frontiers LLC,0027840180,TOP 20,PEA013,"Orlando, FL",A,Interim Assignment,2,178264620,A4.A5,707910,0,0,0,178264620
107,13,AT&T Spectrum Frontiers LLC,0027840180,TOP 20,PEA013,"Orlando, FL",A+BC,Final Assignment,4,351956986,B3.B4.B5.C1,3913450,1215840,0,1215840,353172826
107,13,Cellco Partnership,0003290673,TOP 20,PEA013,"Orlando, FL",A,Interim Assignment,3,267396930,A1.A2.A3,20000000,0,0,0,267396930
107,13,Cellco Partnership,0003290673,TOP 20,PEA013,"Orlando, FL",A+BC,Final Assignment,7,614781662,A1.A2.A3.A4.A5.B1.B2,152265400,6731470,436606,7168076,621949738
107,13,"NewLevel II, L.P.",0029984747,TOP 20,PEA013,"Orlando, FL",A+BC,Final Assignment,1,86846183,C2,75000,43420,0,43420,86889603
107,13,T-Mobile License LLC,0001565449,TOP 20,PEA013,"Orlando, FL",A+BC,Final Assignment,2,173692366,C3.C4,3126440,0,124745,124745,173817111
107,12,AT&T Spectrum Frontiers LLC,0027840180,TOP 20,PEA012,"Detroit, MI",A,Interim Assignment,2,200640920,A4.A5,716730,0,0,0,200640920
107,12,AT&T Spectrum Frontiers LLC,0027840180,TOP 20,PEA012,"Detroit, MI",A+BC,Final Assignment,4,369112040,B4.B5.C1.C2,3691910,1179290,0,1179290,370291330
107,12,Cellco Partnership,0003290673,TOP 20,PEA012,"Detroit, MI",A,Interim Assignment,3,300961380,A1.A2.A3,20000000,0,0,0,300961380
107,12,Cellco Partnership,0003290673,TOP 20,PEA012,"Detroit, MI",A+BC,Final Assignment,8,722139180,A1.A2.A3.A4.A5.B1.B2.B3,152265400,3823930,2425976,6249906,728389086
107,12,T-Mobile License LLC,0001565449,TOP 20,PEA012,"Detroit, MI",A+BC,Final Assignment,2,168471120,C3.C4,3032470,0,606494,606494,169077614
107,11,AT&T Spectrum Frontiers LLC,0027840180,TOP 20,PEA011,"Atlanta, GA",ABC,Assignment,4,537832492,B4.B5.C1.C2,4877320,1882410,0,1882410,539714902
107,11,Cellco Partnership,0003290673,TOP 20,PEA011,"Atlanta, GA",ABC,Assignment,8,1075664984,A1.A2.A3.A4.A5.B1.B2.B3,152265400,4217400,3872376,8089776,1083754760
107,11,T-Mobile License LLC,0001565449,TOP 20,PEA011,"Atlanta, GA",ABC,Assignment,2,268916246,C3.C4,4840470,0,968094,968094,269884340
107,10,AT&T Spectrum Frontiers LLC,0027840180,TOP 20,PEA010,"Houston, TX",A,Interim Assignment,2,336711380,A4.A5,1187570,0,0,0,336711380
107,10,AT&T Spectrum Frontiers LLC,0027840180,TOP 20,PEA010,"Houston, TX",A+BC,Final Assignment,4,643081380,B4.B5.C1.C2,5027700,2144590,0,2144590,645225970
107,10,Cellco Partnership,0003290673,TOP 20,PEA010,"Houston, TX",A,Interim Assignment,3,505067070,A1.A2.A3,20000000,0,0,0,505067070
107,10,Cellco Partnership,0003290673,TOP 20,PEA010,"Houston, TX",A+BC,Final Assignment,8,1270992070,A1.A2.A3.A4.A5.B1.B2.B3,152265400,3822510,4411720,8234230,1279226300
107,10,T-Mobile License LLC,0001565449,TOP 20,PEA010,"Houston, TX",A+BC,Final Assignment,2,306370000,C3.C4,5514650,0,1102930,1102930,307472930
107,9,AT&T Spectrum Frontiers LLC,0027840180,TOP 20,PEA009,"Miami, FL",A,Interim Assignment,2,413942000,A4.A5,1452860,0,0,0,413942000
107,9,AT&T Spectrum Frontiers LLC,0027840180,TOP 20,PEA009,"Miami, FL",A+BC,Final Assignment,4,790252000,B4.B5.C1.C2,5501040,2634160,0,2634160,792886160
107,9,Cellco Partnership,0003290673,TOP 20,PEA009,"Miami, FL",A,Interim Assignment,3,620913000,A1.A2.A3,20000000,0,0,0,620913000
107,9,Cellco Partnership,0003290673,TOP 20,PEA009,"Miami, FL",A+BC,Final Assignment,8,1561688000,A1.A2.A3.A4.A5.B1.B2.B3,152265400,3442650,5418848,8861498,1570549498
107,9,T-Mobile License LLC,0001565449,TOP 20,PEA009,"Miami, FL",A+BC,Final Assignment,2,376310000,C3.C4,6773560,0,1354712,1354712,377664712
107,8,AT&T Spectrum Frontiers LLC,0027840180,TOP 20,PEA008,"Dallas, TX",A,Interim Assignment,2,446116000,A4.A5,1539450,0,0,0,446116000
107,8,AT&T Spectrum Frontiers LLC,0027840180,TOP 20,PEA008,"Dallas, TX",A+BC,Final Assignment,5,1049418730,B3.B4.B5.C1.C2,8027240,2815410,0,2815410,1052234140
107,8,Cellco Partnership,0003290673,TOP 20,PEA008,"Dallas, TX",A,Interim Assignment,3,669174000,A1.A2.A3,20000000,0,0,0,669174000
107,8,Cellco Partnership,0003290673,TOP 20,PEA008,"Dallas, TX",A+BC,Final Assignment,7,1473577640,A1.A2.A3.A4.A5.B1.B2,152265400,6521350,5630824,12152174,1485729814
107,8,T-Mobile License LLC,0001565449,TOP 20,PEA008,"Dallas, TX",A+BC,Final Assignment,2,402201820,C3.C4,7239630,0,1608807,1608807,403810627
107,7,AT&T Spectrum Frontiers LLC,0027840180,TOP 20,PEA007,"Boston, MA",A,Interim Assignment,2,303740720,A4.A5,662980,0,0,0,303740720
107,7,AT&T Spectrum Frontiers LLC,0027840180,TOP 20,PEA007,"Boston, MA",A+BC,Final Assignment,4,580642966,B4.B5.C1.C2,3717660,0,0,0,580642966
107,7,Cellco Partnership,0003290673,TOP 20,PEA007,"Boston, MA",A,Interim Assignment,3,455611080,A1.A2.A3,20000000,0,0,0,455611080
107,7,Cellco Partnership,0003290673,TOP 20,PEA007,"Boston, MA",A+BC,Final Assignment,8,1147866695,A1.A2.A3.A4.A5.B1.B2.B3,152265400,0,4461192,4461192,1152327887
107,7,T-Mobile License LLC,0001565449,TOP 20,PEA007,"Boston, MA",A+BC,Final Assignment,2,276902246,C3.C4,6922520,0,1115298,1115298,278017544
107,6,AT&T Spectrum Frontiers LLC,0027840180,TOP 20,PEA006,"Philadelphia, PA",A,Interim Assignment,2,281431920,A4.A5,621320,0,0,0,281431920
107,6,AT&T Spectrum Frontiers LLC,0027840180,TOP 20,PEA006,"Philadelphia, PA",A+BC,Final Assignment,4,563320166,B4.B5.C1.C2,4311330,0,0,0,563320166
107,6,Cellco Partnership,0003290673,TOP 20,PEA006,"Philadelphia, PA",A,Interim Assignment,3,422147880,A1.A2.A3,20000000,0,0,0,422147880
107,6,Cellco Partnership,0003290673,TOP 20,PEA006,"Philadelphia, PA",A+BC,Final Assignment,8,1126868495,A1.A2.A3.A4.A5.B1.B2.B3,152265400,0,5173592,5173592,1132042087
107,6,T-Mobile License LLC,0001565449,TOP 20,PEA006,"Philadelphia, PA",A+BC,Final Assignment,2,281888246,C3.C4,7047200,0,1293398,1293398,283181644
107,5,AT&T Spectrum Frontiers LLC,0027840180,TOP 20,PEA005,"Baltimore, MD-Washington, DC",ABC,Assignment,3,581409000,B4.B5.C1,3711580,0,0,0,581409000
107,5,Cellco Partnership,0003290673,TOP 20,PEA005,"Baltimore, MD-Washington, DC",ABC,Assignment,8,1550424000,A1.A2.A3.A4.A5.B1.B2.B3,152265400,3536570,779840,4316410,1554740410
107,5,"NewLevel II, L.P.",0029984747,TOP 20,PEA005,"Baltimore, MD-Washington, DC",ABC,Assignment,1,193803000,C2,175000,0,25000,25000,193828000
107,5,T-Mobile License LLC,0001565449,TOP 20,PEA005,"Baltimore, MD-Washington, DC",ABC,Assignment,2,387606000,C3.C4,9690120,0,194960,194960,387800960
107,4,AT&T Spectrum Frontiers LLC,0027840180,TOP 20,PEA004,"San Francisco, CA",A,Interim Assignment,2,492727820,A4.A5,1347530,0,0,0,492727820
107,4,AT&T Spectrum Frontiers LLC,0027840180,TOP 20,PEA004,"San Francisco, CA",A+BC,Final Assignment,4,939940460,B3.B4.B5.C1,8568640,3105480,0,3105480,943045940
107,4,Cellco Partnership,0003290673,TOP 20,PEA004,"San Francisco, CA",A,Interim Assignment,3,739091730,A1.A2.A3,20000000,0,0,0,739091730
107,4,Cellco Partnership,0003290673,TOP 20,PEA004,"San Francisco, CA",A+BC,Final Assignment,7,1633517010,A1.A2.A3.A4.A5.B1.B2,152265400,8903530,99050,9002580,1642519590
107,4,"NewLevel II, L.P.",0029984747,TOP 20,PEA004,"San Francisco, CA",A+BC,Final Assignment,1,223606320,C2,225000,111800,14150,125950,223732270
107,4,T-Mobile License LLC,0001565449,TOP 20,PEA004,"San Francisco, CA",A+BC,Final Assignment,2,447212640,C3.C4,8049800,0,0,0,447212640
107,3,AT&T Spectrum Frontiers LLC,0027840180,TOP 20,PEA003,"Chicago, IL",A,Interim Assignment,2,426341400,A4.A5,1052620,0,0,0,426341400
107,3,AT&T Spectrum Frontiers LLC,0027840180,TOP 20,PEA003,"Chicago, IL",A+BC,Final Assignment,4,830947400,B4.B5.C1.C2,7112100,2832230,0,2832230,833779630
107,3,Cellco Partnership,0003290673,TOP 20,PEA003,"Chicago, IL",A,Interim Assignment,3,639512100,A1.A2.A3,20000000,0,0,0,639512100
107,3,Cellco Partnership,0003290673,TOP 20,PEA003,"Chicago, IL",A+BC,Final Assignment,8,1651027100,A1.A2.A3.A4.A5.B1.B2.B3,152265400,1607230,5826312,7433542,1658460642
107,3,T-Mobile License LLC,0001565449,TOP 20,PEA003,"Chicago, IL",A+BC,Final Assignment,2,404606000,C3.C4,7282890,0,1456578,1456578,406062578
107,2,AT&T Spectrum Frontiers LLC,0027840180,TOP 20,PEA002,"Los Angeles, CA",A,Interim Assignment,2,1108348000,A4.A5,1968440,0,0,0,1108348000
107,2,AT&T Spectrum Frontiers LLC,0027840180,TOP 20,PEA002,"Los Angeles, CA",A+BC,Final Assignment,4,2116395570,B3.B4.B5.C1,16726380,7056320,0,7056320,2123451890
107,2,Cellco Partnership,0003290673,TOP 20,PEA002,"Los Angeles, CA",A,Interim Assignment,3,1662522000,A1.A2.A3,20000000,0,0,0,1662522000
107,2,Cellco Partnership,0003290673,TOP 20,PEA002,"Los Angeles, CA",A+BC,Final Assignment,7,3678617140,A1.A2.A3.A4.A5.B1.B2,152265400,15679800,216992,15896792,3694513932
107,2,"NewLevel II, L.P.",0029984747,TOP 20,PEA002,"Los Angeles, CA",A+BC,Final Assignment,1,504023785,C2,500000,252010,30999,283009,504306794
107,2,T-Mobile License LLC,0001565449,TOP 20,PEA002,"Los Angeles, CA",A+BC,Final Assignment,2,1008047570,C3.C4,18144840,0,0,0,1008047570
107,1,AT&T Spectrum Frontiers LLC,0027840180,TOP 20,PEA001,"New York, NY",A,Interim Assignment,2,1030106000,A4.A5,2174850,0,0,0,1030106000
107,1,AT&T Spectrum Frontiers LLC,0027840180,TOP 20,PEA001,"New York, NY",A+BC,Final Assignment,4,2060440246,B4.B5.C1.C2,11092940,7212330,0,7212330,2067652576
107,1,Cellco Partnership,0003290673,TOP 20,PEA001,"New York, NY",A,Interim Assignment,3,1545159000,A1.A2.A3,10000000,0,0,0,1545159000
107,1,Cellco Partnership,0003290673,TOP 20,PEA001,"New York, NY",A+BC,Final Assignment,8,4120994615,A1.A2.A3.A4.A5.B1.B2.B3,152265400,0,8874360,8874360,4129868975
107,1,T-Mobile License LLC,0001565449,TOP 20,PEA001,"New York, NY",A+BC,Final Assignment,2,1030334246,C3.C4,18545990,0,2218590,2218590,1032552836
